Player,Team,Position,Minutes,Goals Added,League,Goals Added p90
Hugo Cuypers,CHI,ST,1182,3.54,MLS,0.26954314720812184
Lionel Messi,MIA,ST,952,3.43,MLS,0.32426470588235295
Dénis Bouanga,LAFC,W,1246,2.99,MLS,0.21597110754414128
Noah Eile,NYRB,CB,1354,2.8,MLS,0.1861152141802068
Cristian Espinoza,SJE,FB,1304,2.21,MLS,0.15253067484662575
Sam Surridge,NSH,ST,1333,2.09,MLS,0.14111027756939232
Andrew Gutman,CHI,FB,1178,1.84,MLS,0.1405772495755518
Yevhen Cheberko,CLB,CB,1023,1.8,MLS,0.15835777126099707
Christian Benteke,DCU,ST,1009,1.8,MLS,0.1605550049554014
Evander,CIN,AM,1057,1.58,MLS,0.13453169347209082
Christopher McVey,SD,CB,1417,1.58,MLS,0.10035285815102328
Kelvin Yeboah,MIN,ST,997,1.54,MLS,0.13901705115346039
Anders Dreyer,SD,W,1366,1.53,MLS,0.10080527086383603
Alexander Freeman,ORL,FB,1355,1.49,MLS,0.09896678966789667
Brian White,VAN,ST,981,1.49,MLS,0.136697247706422
Luciano Acosta,FCD,AM,1220,1.45,MLS,0.1069672131147541
Hirving Lozano,SD,W,878,1.45,MLS,0.14863325740318906
Jack Elliott,CHI,CB,1218,1.33,MLS,0.09827586206896553
Bruno Damiani,PHI,ST,743,1.32,MLS,0.15989232839838494
Albert Rusnák,SEA,W,1003,1.31,MLS,0.11754735792622134
Adilson Malanda,CLT,CB,1412,1.31,MLS,0.0834985835694051
Max Arfsten,CLB,FB,1296,1.24,MLS,0.08611111111111111
Andrew Privett,CLT,CB,1117,1.24,MLS,0.09991047448522829
Pedrinho,FCD,W,508,1.22,MLS,0.21614173228346456
Brian Gutiérrez,CHI,CM,816,1.21,MLS,0.13345588235294117
Luis Muriel,ORL,ST,1110,1.21,MLS,0.0981081081081081
Ryan Hollingshead,LAFC,FB,1024,1.18,MLS,0.10371093749999999
Djordje Mihailovic,COL,W,1380,1.17,MLS,0.07630434782608696
Alonso Martínez,NYC,ST,1257,1.16,MLS,0.08305489260143198
Miguel Almirón,ATL,W,1284,1.11,MLS,0.07780373831775701
Keaton Parks,NYC,DM,915,1.07,MLS,0.10524590163934427
Quinn Sullivan,PHI,W,1209,1.05,MLS,0.07816377171215881
Justen Glad,RSL,CB,1229,1.03,MLS,0.07542717656631408
Felipe Carballo,NYRB,DM,875,1.02,MLS,0.10491428571428572
Steven Moreira,CLB,CB,1001,1.02,MLS,0.09170829170829171
Tristan Blackmon,VAN,CB,1121,1.01,MLS,0.08108831400535237
Jackson Ragen,SEA,CB,683,1.01,MLS,0.13308931185944364
Joaquín Pereyra,MIN,CM,1098,1.01,MLS,0.08278688524590164
Danny Musovski,SEA,ST,686,0.99,MLS,0.12988338192419824
Sean Zawadzki,CLB,CB,1308,0.98,MLS,0.06743119266055045
Hany Mukhtar,NSH,ST,1359,0.96,MLS,0.06357615894039735
Christian Ramírez,LAG,ST,823,0.96,MLS,0.10498177399756987
Rafael Navarro,COL,ST,1165,0.94,MLS,0.07261802575107296
Tai Baribo,PHI,ST,991,0.93,MLS,0.084460141271443
Josef Martínez,SJE,ST,759,0.93,MLS,0.11027667984189725
Anthony Markanich,MIN,FB,653,0.93,MLS,0.12817764165390505
Federico Bernardeschi,TOR,W,1346,0.93,MLS,0.062184249628528976
Beau Leroux,SJE,CM,1075,0.92,MLS,0.07702325581395349
J.C. Ngando,VAN,CM,760,0.92,MLS,0.10894736842105264
Pedro Vite,VAN,CM,941,0.91,MLS,0.08703506907545165
Dylan Chambost,CLB,CM,1383,0.89,MLS,0.0579175704989154
Preston Judd,SJE,ST,389,0.88,MLS,0.20359897172236505
Aaron Long,LAFC,CB,1039,0.88,MLS,0.07622714148219441
Kyle Hiebert,STL,CB,1341,0.88,MLS,0.05906040268456376
David Brekalo,ORL,CB,953,0.86,MLS,0.08121720881427072
Idan Toklomati,CLT,ST,390,0.86,MLS,0.19846153846153844
Andy Najar,NSH,FB,1086,0.86,MLS,0.0712707182320442
Amahl Pellegrino,SJE,W,420,0.85,MLS,0.18214285714285713
Souleyman Doumbia,CLT,FB,341,0.83,MLS,0.2190615835777126
Eddie Segura,LAFC,CB,965,0.82,MLS,0.07647668393782382
Giacomo Vrioni,MTL,ST,248,0.82,MLS,0.2975806451612903
Carles Gil,NER,AM,1205,0.82,MLS,0.06124481327800829
Maya Yoshida,LAG,CB,1019,0.82,MLS,0.07242394504416093
Gabriel Pec,LAG,W,1086,0.81,MLS,0.06712707182320443
Dennis Gjengaar,NYRB,W,415,0.81,MLS,0.17566265060240965
Jayden Nelson,VAN,W,525,0.81,MLS,0.13885714285714287
Osaze Urhoghide,FCD,CB,1307,0.81,MLS,0.05577658760520275
Pep Biel,CLT,AM,1081,0.79,MLS,0.06577243293246994
David Schnegg,DCU,FB,1374,0.75,MLS,0.04912663755458515
Thiago Martins,NYC,CB,1211,0.75,MLS,0.055739058629232036
Nicolás Romero,MIN,CB,877,0.74,MLS,0.07594070695553021
David Ayala,POR,DM,1100,0.71,MLS,0.05809090909090909
Ali Ahmed,VAN,W,744,0.7,MLS,0.0846774193548387
Alexander Hack,NYRB,CB,565,0.69,MLS,0.10991150442477875
Ousseni Bouda,SJE,AM,675,0.69,MLS,0.09199999999999998
Cristian Arango,SJE,ST,1209,0.69,MLS,0.051364764267990075
Miles Robinson,CIN,CB,1103,0.69,MLS,0.05630099728014505
Tanner Beason,NER,CB,638,0.67,MLS,0.0945141065830721
Kai Wagner,PHI,FB,1205,0.66,MLS,0.04929460580912863
Jonathan Bamba,CHI,W,1132,0.66,MLS,0.05247349823321555
Kerwin Vargas,CLT,W,556,0.66,MLS,0.10683453237410073
Marco Pasalic,ORL,W,1164,0.64,MLS,0.04948453608247423
Pedro Amador,ATL,FB,746,0.64,MLS,0.0772117962466488
Nouhou,SEA,CB,1169,0.64,MLS,0.04927288280581694
Aníbal Godoy,SD,CM,1038,0.63,MLS,0.0546242774566474
Julián Fernández,NYC,W,793,0.63,MLS,0.07150063051702396
Bongokuhle Hlongwane,MIN,FB,1216,0.62,MLS,0.04588815789473684
Santiago Moreno,POR,W,1043,0.62,MLS,0.05349952061361458
Luca Orellano,CIN,W,943,0.62,MLS,0.0591728525980912
Mark Delgado,LAFC,CM,998,0.61,MLS,0.05501002004008016
Simon Becher,STL,ST,622,0.6,MLS,0.08681672025723472
Noah Allen,MIA,CB,1052,0.59,MLS,0.05047528517110266
Omir Fernández,"POR, COL",W,323,0.59,MLS,0.16439628482972135
Cristian Roldan,SEA,CM,1221,0.59,MLS,0.043488943488943485
Javain Brown,RSL,FB,210,0.58,MLS,0.24857142857142855
Martín Ojeda,ORL,AM,1152,0.58,MLS,0.0453125
David Martínez,LAFC,W,743,0.58,MLS,0.0702557200538358
Guilherme Biro,ATX,FB,1286,0.57,MLS,0.039891135303265934
Mark-Anthony Kaye,SJE,CM,497,0.56,MLS,0.10140845070422536
Michael Boxall,MIN,CB,1095,0.55,MLS,0.045205479452054796
Jonathan Rodríguez,POR,W,190,0.54,MLS,0.25578947368421057
Niko Tsakiris,SJE,CM,272,0.54,MLS,0.17867647058823533
Tayvon Gray,NYC,FB,434,0.54,MLS,0.1119815668202765
Tomas Totland,STL,FB,363,0.53,MLS,0.13140495867768595
Iván Angulo,ORL,W,1140,0.53,MLS,0.041842105263157896
Rodrigues,SJE,CB,930,0.53,MLS,0.05129032258064516
Jesús Barea,RSL,ST,275,0.53,MLS,0.17345454545454547
Brandon Bye,NER,FB,368,0.51,MLS,0.12472826086956523
Alex Mighten,SD,W,480,0.5,MLS,0.09375
Emmanuel Sabbi,VAN,W,513,0.5,MLS,0.08771929824561403
Lukas Engel,CIN,FB,1231,0.5,MLS,0.036555645816409424
Tristan Muyumba,ATL,DM,591,0.49,MLS,0.07461928934010152
George Campbell,MTL,CB,894,0.49,MLS,0.049328859060402686
Joran Gerbet,ORL,DM,721,0.48,MLS,0.05991678224687933
Manu García,SKC,CM,1325,0.48,MLS,0.03260377358490566
Nolan Norris,FCD,FB,593,0.47,MLS,0.07133220910623946
Liel Abada,CLT,W,942,0.47,MLS,0.04490445859872611
Jack McGlynn,HOU,W,1269,0.47,MLS,0.03333333333333333
Tate Johnson,VAN,FB,804,0.46,MLS,0.05149253731343284
Ignatius Ganago,NER,ST,1104,0.45,MLS,0.036684782608695655
Stian Gregersen,ATL,CB,663,0.44,MLS,0.05972850678733032
Milan Iloski,SD,ST,160,0.44,MLS,0.2475
Luca Petrasso,MTL,FB,1262,0.41,MLS,0.02923930269413629
Nico Cavallo,NYC,FB,277,0.41,MLS,0.1332129963898917
Henry Kessler,STL,CB,819,0.4,MLS,0.04395604395604395
Julio Cascante,ATX,CB,451,0.4,MLS,0.07982261640798226
Žan Kolmanič,ATX,FB,342,0.4,MLS,0.10526315789473685
Rominigue Kouame,CHI,CM,171,0.4,MLS,0.2105263157894737
Cengiz Ünder,LAFC,W,504,0.39,MLS,0.06964285714285715
Conrad Wallem,STL,FB,1211,0.39,MLS,0.02898431048720066
Owen Wolff,ATX,CM,1245,0.39,MLS,0.02819277108433735
Justin Haak,NYC,CB,1375,0.39,MLS,0.025527272727272725
Shaq Moore,FCD,FB,1177,0.39,MLS,0.02982158028887001
Cameron Harper,NYRB,FB,517,0.38,MLS,0.06615087040618955
Nathan Harriel,PHI,CB,967,0.38,MLS,0.03536711478800413
Aaron Herrera,DCU,FB,1208,0.38,MLS,0.028311258278145696
Lucas Bartlett,DCU,CB,1300,0.37,MLS,0.025615384615384616
Maximiliano Falcón,MIA,CB,584,0.37,MLS,0.05702054794520548
Tim Leibold,SKC,FB,385,0.37,MLS,0.0864935064935065
Fafa Picault,MIA,W,400,0.37,MLS,0.08325
Timo Baumgartl,STL,CB,698,0.36,MLS,0.046418338108882524
Jacob Shaffelburg,NSH,W,504,0.36,MLS,0.06428571428571428
Ivan Glavinovich,PHI,CB,292,0.36,MLS,0.11095890410958904
Andrés Herrera,CLB,FB,346,0.35,MLS,0.09104046242774566
Onni Valakari,SD,ST,876,0.35,MLS,0.03595890410958904
Claudio Bravo,POR,FB,338,0.34,MLS,0.09053254437869823
Joseph Rosales,MIN,FB,635,0.34,MLS,0.04818897637795276
Andreas Maxsø,COL,CB,1216,0.33,MLS,0.024424342105263157
Patrick Agyemang,CLT,ST,1054,0.32,MLS,0.02732447817836812
Joel Waterman,MTL,CB,1060,0.32,MLS,0.02716981132075472
Francis Westfield,PHI,FB,1159,0.31,MLS,0.024072476272648836
David Martínez,MIA,FB,138,0.31,MLS,0.20217391304347826
Sebastian Berhalter,VAN,CM,1038,0.31,MLS,0.026878612716763006
Marco Reus,LAG,AM,644,0.3,MLS,0.04192546583850931
Eduard Atuesta,ORL,DM,690,0.3,MLS,0.03913043478260869
Stephen Afrifa,SKC,DM,16,0.3,MLS,1.6875
Walker Zimmerman,NSH,CB,685,0.29,MLS,0.038102189781021895
Brandon Vázquez,ATX,ST,1198,0.29,MLS,0.021786310517529214
Kalani Kossa-Rienzi,SEA,FB,554,0.29,MLS,0.04711191335740072
Petar Musa,FCD,ST,815,0.29,MLS,0.03202453987730061
Mathías Laborda,VAN,FB,635,0.28,MLS,0.039685039370078744
Joakim Nilsson,STL,CB,167,0.27,MLS,0.14550898203592816
Ola Brynhildsen,TOR,ST,498,0.26,MLS,0.04698795180722892
Cole Bassett,COL,W,1126,0.26,MLS,0.02078152753108348
Mikael Uhre,PHI,ST,831,0.26,MLS,0.02815884476534296
Olivier Giroud,LAFC,ST,471,0.26,MLS,0.049681528662420385
Jonathan Pérez,NSH,W,199,0.26,MLS,0.11758793969849246
Felipe,HOU,FB,183,0.25,MLS,0.12295081967213115
Nkosi Tafari,LAFC,CB,500,0.24,MLS,0.043199999999999995
Sergi Palencia,LAFC,FB,1246,0.24,MLS,0.017335473515248796
Yeimar Gómez Andrade,SEA,CB,1206,0.24,MLS,0.01791044776119403
Gustavo Caraballo,ORL,AM,30,0.24,MLS,0.72
Tim Parker,NYRB,CB,271,0.23,MLS,0.07638376383763838
Pedro de la Vega,SEA,W,536,0.23,MLS,0.03861940298507463
Ryan Gauld,VAN,W,217,0.23,MLS,0.09539170506912442
Kye Rowles,DCU,CB,1152,0.23,MLS,0.017968750000000002
Tomás Avilés,MIA,CB,488,0.23,MLS,0.042418032786885246
Dani Pereira,ATX,CM,837,0.23,MLS,0.024731182795698928
Hamady Diop,SD,FB,239,0.23,MLS,0.08661087866108787
Dany Rosero,SKC,CB,184,0.23,MLS,0.1125
Sam Vines,COL,FB,358,0.23,MLS,0.05782122905027933
Chris Donovan,PHI,ST,254,0.22,MLS,0.07795275590551182
Ian Murphy,COL,FB,616,0.22,MLS,0.03214285714285714
Lukas MacNaughton,DCU,CB,454,0.22,MLS,0.04361233480176211
Fabian Herbers,MTL,W,414,0.21,MLS,0.04565217391304348
Maxime Chanot,LAFC,CB,74,0.21,MLS,0.2554054054054054
Malte Amundsen,CLB,CB,962,0.21,MLS,0.019646569646569648
Corey Baird,CIN,W,336,0.21,MLS,0.05625
Jansen Miller,SKC,CB,1054,0.21,MLS,0.017931688804554077
Allen Obando,MIA,ST,176,0.21,MLS,0.10738636363636363
Timothy Tillman,LAFC,CM,1100,0.2,MLS,0.016363636363636365
Noel Caliskan,RSL,FB,335,0.2,MLS,0.05373134328358209
Jamal Thiaré,ATL,ST,300,0.2,MLS,0.060000000000000005
Brayan Vera,RSL,CB,689,0.2,MLS,0.02612481857764877
Alex Roldan,SEA,FB,835,0.19,MLS,0.020479041916167662
Daniel Lovitz,NSH,FB,1402,0.19,MLS,0.012196861626248216
Édier Ocampo,VAN,FB,812,0.19,MLS,0.02105911330049261
Kyle Duncan,NYRB,FB,393,0.19,MLS,0.04351145038167939
Robert Voloder,SKC,CB,956,0.18,MLS,0.016945606694560668
Rodrigo Schlegel,ORL,CB,1236,0.17,MLS,0.012378640776699031
Richie Laryea,TOR,FB,125,0.17,MLS,0.12240000000000001
Peglow,DCU,W,645,0.16,MLS,0.022325581395348838
Maren Haile-Selassie,CHI,W,235,0.16,MLS,0.061276595744680855
Calvin Harris,COL,W,235,0.16,MLS,0.061276595744680855
César Araújo,ORL,DM,907,0.15,MLS,0.01488423373759647
Diego Rubio,ATX,ST,210,0.15,MLS,0.06428571428571428
Luis Díaz,NER,W,235,0.14,MLS,0.05361702127659575
Peyton Miller,NER,FB,654,0.14,MLS,0.01926605504587156
Philip Zinckernagel,CHI,W,1001,0.14,MLS,0.012587412587412587
Vitor Costa,SJE,FB,686,0.14,MLS,0.018367346938775512
Patrickson Delgado,FCD,W,347,0.14,MLS,0.03631123919308358
Birk Risa,NYC,CB,696,0.13,MLS,0.01681034482758621
Jon Bell,SEA,CB,569,0.13,MLS,0.020562390158172232
Darren Yapi,COL,ST,591,0.13,MLS,0.019796954314720814
Érik Dueñas,HOU,AM,91,0.13,MLS,0.12857142857142856
Jack Skahan,SJE,DM,12,0.12,MLS,0.9
Alejandro Bedoya,PHI,CM,218,0.12,MLS,0.04954128440366972
Duncan McGuire,ORL,ST,355,0.11,MLS,0.027887323943661974
Jannes Horn,STL,FB,779,0.11,MLS,0.012708600770218228
Charles Sharp,TOR,ST,103,0.11,MLS,0.09611650485436893
Omar Valencia,NYRB,FB,849,0.11,MLS,0.011660777385159011
Ian Smith,POR,CB,336,0.1,MLS,0.026785714285714288
Jon Gallagher,ATX,FB,1159,0.1,MLS,0.007765314926660914
Jordi Alba,MIA,FB,1152,0.1,MLS,0.0078125
Theo Corbeanu,TOR,W,889,0.09,MLS,0.009111361079865016
Jordan Morris,SEA,ST,321,0.09,MLS,0.025233644859813085
Henry Wingo,TOR,FB,259,0.09,MLS,0.03127413127413127
Josh Atencio,COL,DM,1026,0.09,MLS,0.007894736842105263
Nicksoen Gomis,TOR,CB,528,0.09,MLS,0.015340909090909089
Nick Hagglund,CIN,CB,743,0.09,MLS,0.010901749663526245
Connor Ronan,COL,CM,293,0.09,MLS,0.02764505119453925
Dylan Nealis,NYRB,FB,678,0.08,MLS,0.010619469026548672
Reed Baker-Whiting,SEA,W,38,0.08,MLS,0.18947368421052632
Dániel Gazdag,"CLB, PHI",W,1044,0.08,MLS,0.006896551724137931
Cole Mrowka,CLB,CM,29,0.08,MLS,0.24827586206896554
Sergio Busquets,MIA,DM,1199,0.08,MLS,0.006005004170141786
Ronald Donkor,NYRB,DM,117,0.08,MLS,0.06153846153846154
Joaquín Fernández,SKC,CB,622,0.07,MLS,0.010128617363344052
Aiden O'Neill,NYC,DM,210,0.07,MLS,0.030000000000000002
Mason Toye,SKC,W,41,0.06,MLS,0.13170731707317074
Kobe Franklin,TOR,FB,89,0.06,MLS,0.060674157303370786
Kei Kamara,CIN,ST,26,0.06,MLS,0.20769230769230768
Jalen Neal,MTL,CB,251,0.06,MLS,0.021513944223107567
Nathan Saliba,MTL,CM,1149,0.06,MLS,0.004699738903394256
Nicolas Fleuriau Chateau,VAN,FB,18,0.06,MLS,0.3
Baltasar Gallego,MIA,W,18,0.06,MLS,0.3
Sunusi Ibrahim,MTL,ST,99,0.06,MLS,0.05454545454545454
Sebastian Lletget,FCD,DM,603,0.06,MLS,0.008955223880597015
William Reilly,ATL,DM,109,0.05,MLS,0.04128440366972477
Franco Escobar,HOU,FB,989,0.05,MLS,0.00455005055611729
Leonardo Campana,NER,ST,619,0.05,MLS,0.007269789983844911
Luca Bombino,SD,FB,654,0.04,MLS,0.005504587155963303
Jake Davis,SKC,FB,896,0.04,MLS,0.0040178571428571425
Andrés Perea,NYC,DM,387,0.04,MLS,0.009302325581395349
Belal Halbouni,VAN,CB,10,0.04,MLS,0.36
Teal Bunbury,NSH,ST,153,0.04,MLS,0.023529411764705885
Markus Cimermancic,TOR,FB,251,0.03,MLS,0.010756972111553784
Theodore Ku-Dipietro,COL,W,159,0.03,MLS,0.016981132075471698
Randall Leal,DCU,W,192,0.03,MLS,0.0140625
Thomas Williams,ORL,CB,17,0.03,MLS,0.1588235294117647
Danley Jean Jacques,PHI,CM,1157,0.03,MLS,0.0023336214347450305
Ilay Faingold,NER,FB,1073,0.03,MLS,0.0025163094128611368
Eriq Zavaleta,LAG,CB,144,0.03,MLS,0.01875
Philip Quinton,RSL,CB,604,0.03,MLS,0.004470198675496689
Osaze De Rosario,SEA,ST,92,0.03,MLS,0.02934782608695652
Dante Sealy,MTL,W,1061,0.02,MLS,0.001696512723845429
Dario Zuparic,POR,CB,145,0.02,MLS,0.012413793103448277
Conner Antley,DCU,CB,228,0.02,MLS,0.007894736842105263
Bret Halsey,CIN,FB,37,0.02,MLS,0.04864864864864865
Alonso Coello,TOR,DM,792,0.02,MLS,0.0022727272727272726
Omar González,CHI,CB,91,0.01,MLS,0.00989010989010989
Paul Marie,SJE,W,89,0.01,MLS,0.010112359550561799
Daniel Ríos,VAN,ST,491,0.01,MLS,0.0018329938900203664
Stefan Chirila,CIN,AM,11,0.01,MLS,0.08181818181818182
Emeka Eneli,RSL,DM,1215,0.01,MLS,0.0007407407407407408
Kyle Smith,ORL,FB,523,0.01,MLS,0.0017208413001912047
Iuri Tavares,CLT,DM,46,0.01,MLS,0.01956521739130435
Ranko Veselinović,VAN,CB,1211,0.01,MLS,0.0007431874483897606
Bryan Acosta,NSH,DM,74,0.01,MLS,0.012162162162162163
Erik Sviatchenko,HOU,CB,548,0.01,MLS,0.001642335766423358
Memo Rodríguez,SKC,DM,324,0.01,MLS,0.002777777777777778
Lewis Morgan,NYRB,AM,98,0.01,MLS,0.009183673469387756
David Ruiz,MIA,CM,86,0.01,MLS,0.010465116279069767
Nemanja Radoja,SKC,DM,837,0.0,MLS,0.0
Adam Saldana,LAFC,DM,201,0.0,MLS,0.0
Derrick Jones,CLB,W,6,0.0,MLS,0.0
Juan Mosquera,POR,FB,844,0.0,MLS,0.0
Franco Negri,SD,FB,448,0.0,MLS,0.0
Lassi Lappalainen,CLB,FB,12,0.0,MLS,0.0
Obed Vargas,SEA,CM,1098,0.0,MLS,0.0
Cody Baker,SEA,FB,23,0.0,MLS,0.0
Rasmus Alm,STL,FB,11,-0.0,MLS,-0.0
Damir Kreilach,VAN,W,8,-0.0,MLS,-0.0
Kenji Mboma Dem,CIN,FB,10,-0.0,MLS,-0.0
Derrick Williams,ATL,CB,878,-0.0,MLS,-0.0
Zakaria Taifi,ORL,FB,12,-0.01,MLS,-0.07500000000000001
Amar Sejdić,CLB,CM,42,-0.01,MLS,-0.02142857142857143
Stuart Hawkins,SEA,CB,13,-0.01,MLS,-0.06923076923076923
Derek Dodson,DCU,FB,218,-0.01,MLS,-0.004128440366972477
Hennadiy Synchuk,MTL,W,124,-0.01,MLS,-0.007258064516129033
Bjørn Inge Utvik,VAN,CB,289,-0.01,MLS,-0.003114186851211073
Paxton Pomykal,FCD,CM,41,-0.01,MLS,-0.02195121951219512
Harold Osorio,CHI,DM,6,-0.01,MLS,-0.15000000000000002
Alex Harris,COL,AM,5,-0.01,MLS,-0.18
Gerardo Valenzuela,CIN,AM,278,-0.02,MLS,-0.006474820143884892
Mikkel Desler,ATX,FB,254,-0.02,MLS,-0.007086614173228346
Johnny Russell,RSL,DM,23,-0.02,MLS,-0.0782608695652174
Justin Ellis,ORL,ST,8,-0.02,MLS,-0.225
Teenage Hadebe,CIN,CB,478,-0.02,MLS,-0.003765690376569038
Zane Monlouis,TOR,CB,373,-0.02,MLS,-0.00482573726541555
Christopher Cupps,CHI,CB,118,-0.02,MLS,-0.015254237288135594
Jung Ho-Yeon,MIN,CM,104,-0.03,MLS,-0.02596153846153846
Reid Roberts,SJE,FB,222,-0.03,MLS,-0.012162162162162163
Luke Brennan,ATL,ST,9,-0.03,MLS,-0.3
Anisse Saidi,SD,CM,16,-0.03,MLS,-0.16874999999999998
Dominic Iankov,MTL,CM,45,-0.03,MLS,-0.06
Alfredo Morales,STL,CM,588,-0.03,MLS,-0.004591836734693877
Mykhi Joyner,STL,DM,99,-0.03,MLS,-0.02727272727272727
CJ Fodrey,ATX,ST,145,-0.03,MLS,-0.018620689655172412
Tristan Brown,CLB,FB,37,-0.03,MLS,-0.07297297297297296
Anderson Rosa,COL,FB,43,-0.03,MLS,-0.06279069767441861
Harbor Miller,LAG,FB,271,-0.03,MLS,-0.00996309963099631
Oscar Verhoeven,"SD, SJE",FB,131,-0.03,MLS,-0.020610687022900764
Justin Reynolds,CHI,FB,118,-0.03,MLS,-0.02288135593220339
Besard Šabović,ATX,CM,992,-0.04,MLS,-0.0036290322580645163
Tarik Scott,FCD,FB,23,-0.04,MLS,-0.1565217391304348
Alex Muyl,NSH,W,1076,-0.04,MLS,-0.003345724907063197
Ryan Kent,SEA,W,255,-0.04,MLS,-0.01411764705882353
Colin Guske,ORL,ST,16,-0.04,MLS,-0.225
Jayden Reid,STL,FB,24,-0.04,MLS,-0.15000000000000002
Olivier Mbaizo,PHI,FB,112,-0.04,MLS,-0.03214285714285714
Andy Batioja,HOU,ST,14,-0.04,MLS,-0.2571428571428571
Keegan Hughes,NER,ST,14,-0.04,MLS,-0.2571428571428571
Nicholas Scardina,CLT,FB,422,-0.04,MLS,-0.008530805687203791
Hassani Dotson,MIN,CM,401,-0.04,MLS,-0.008977556109725686
Matty Longstaff,TOR,CM,453,-0.05,MLS,-0.009933774834437087
Sam Junqua,RSL,CB,915,-0.05,MLS,-0.0049180327868852455
DeAndre Yedlin,CIN,FB,1091,-0.05,MLS,-0.004124656278643447
Robin Lod,MIN,CM,1033,-0.05,MLS,-0.004356243949661181
Bibi Karamoko,DCU,ST,25,-0.05,MLS,-0.18
Joseph Zalinsky,STL,FB,17,-0.05,MLS,-0.2647058823529412
Julian Gaines,NSH,W,16,-0.05,MLS,-0.28125
Gabe Segal,HOU,ST,43,-0.05,MLS,-0.10465116279069767
Kieran Chandler,MIN,FB,68,-0.06,MLS,-0.07941176470588235
Seymour Reid,NYC,ST,22,-0.06,MLS,-0.24545454545454543
Frankie Amaya,LAFC,CM,159,-0.06,MLS,-0.033962264150943396
Jesús Bueno,PHI,CM,192,-0.06,MLS,-0.028125
Sam Adekugbe,VAN,FB,241,-0.06,MLS,-0.022406639004149378
Jamar Ricketts,SJE,FB,495,-0.06,MLS,-0.010909090909090908
Loïc Mesanvi,MIN,ST,26,-0.06,MLS,-0.20769230769230768
Kimani Stewart-Baynes,COL,CM,26,-0.06,MLS,-0.20769230769230768
Nick Lima,SJE,FB,313,-0.07,MLS,-0.02012779552715655
Toyosi Olusanya,HOU,ST,48,-0.07,MLS,-0.13125
Pablo Ortíz,HOU,CB,171,-0.07,MLS,-0.0368421052631579
Peter Stroud,NYRB,CM,900,-0.07,MLS,-0.007
DeJuan Jones,"CLB, SJE",FB,635,-0.07,MLS,-0.009921259842519686
Julian Hall,NYRB,AM,254,-0.07,MLS,-0.024803149606299212
Robin Jansson,ORL,CB,1208,-0.07,MLS,-0.0052152317880794705
Wyatt Omsberg,NER,CB,68,-0.07,MLS,-0.09264705882352942
Taha Habroune,CLB,AM,72,-0.07,MLS,-0.08750000000000001
Carlos Terán,CHI,CB,323,-0.07,MLS,-0.0195046439628483
Finn Surman,POR,CB,1276,-0.07,MLS,-0.004937304075235111
Nick Fernandez,SJE,CM,62,-0.07,MLS,-0.10161290322580646
Dominik Chong Qui,ATL,FB,70,-0.07,MLS,-0.09
Ousman Jabang,MTL,CB,91,-0.08,MLS,-0.07912087912087912
Odin Thiago Holm,LAFC,CM,115,-0.08,MLS,-0.06260869565217392
Samuel Bassett,COL,ST,54,-0.08,MLS,-0.13333333333333333
Paul Arriola,SEA,W,84,-0.08,MLS,-0.08571428571428572
Aziel Jackson,CLB,AM,620,-0.09,MLS,-0.013064516129032257
Andrew Brody,SKC,FB,280,-0.09,MLS,-0.02892857142857143
Santiago Morales,MIA,W,31,-0.09,MLS,-0.26129032258064516
Djibril Diani,CLT,CM,359,-0.09,MLS,-0.02256267409470752
Hernán López,SJE,DM,149,-0.09,MLS,-0.054362416107382544
Danny Leyva,SEA,CM,389,-0.09,MLS,-0.02082262210796915
Nicolás Rodríguez,ORL,FB,38,-0.09,MLS,-0.21315789473684207
Jackson Hopkins,DCU,AM,62,-0.09,MLS,-0.13064516129032258
Kevin O'Toole,NYC,FB,807,-0.1,MLS,-0.011152416356877325
Marlon,LAFC,CB,616,-0.1,MLS,-0.01461038961038961
Marcelo Weigandt,MIA,FB,406,-0.1,MLS,-0.022167487684729068
Jeremy Rafanello,PHI,W,58,-0.1,MLS,-0.15517241379310345
Kwadwo Opoku,MTL,W,168,-0.1,MLS,-0.053571428571428575
Leonardo Barroso,CHI,FB,309,-0.1,MLS,-0.02912621359223301
Fidel Barajas,DCU,W,38,-0.1,MLS,-0.23684210526315788
Ian Fray,MIA,FB,571,-0.1,MLS,-0.01576182136602452
Célio Pompeu,STL,AM,556,-0.1,MLS,-0.01618705035971223
Ralph Priso,VAN,DM,421,-0.1,MLS,-0.021377672209026127
David Pereira Da Costa,POR,AM,1274,-0.11,MLS,-0.007770800627943485
Gastón Brugman,NSH,DM,512,-0.11,MLS,-0.0193359375
Maximo Carrizo,NYC,W,51,-0.11,MLS,-0.1941176470588235
Alvas Powell,CIN,CB,306,-0.11,MLS,-0.032352941176470584
Alejandro Alvarado Jr.,SD,CM,243,-0.11,MLS,-0.040740740740740744
Ian Pilcher,SD,CB,144,-0.11,MLS,-0.06875
Kobi Henry,RSL,FB,58,-0.11,MLS,-0.1706896551724138
Matheus Nascimento,LAG,ST,188,-0.11,MLS,-0.05265957446808511
Tani Oluwaseyi,MIN,ST,1097,-0.12,MLS,-0.009845031905195988
Tadeo Allende,MIA,W,668,-0.12,MLS,-0.016167664670658683
Will Sands,NER,FB,365,-0.13,MLS,-0.03205479452054794
Serge Ngoma,NYRB,W,305,-0.13,MLS,-0.03836065573770492
Rubén Ramos Jr.,LAG,CM,73,-0.13,MLS,-0.16027397260273973
Chris Applewhite,NSH,CB,144,-0.13,MLS,-0.08125
Mohamed Farsi,CLB,FB,1174,-0.13,MLS,-0.009965928449744465
Jahkeele Marshall-Rutty,"MTL, CLT",FB,497,-0.13,MLS,-0.023541247484909454
Tyger Smalls,CLT,W,78,-0.13,MLS,-0.15000000000000002
Artem Smoliakov,LAFC,FB,395,-0.14,MLS,-0.03189873417721519
Leo Afonso,MIA,W,98,-0.14,MLS,-0.1285714285714286
Noel Buck,"NER, SJE",CM,72,-0.14,MLS,-0.17500000000000002
Wayne Frederick,COL,CM,260,-0.14,MLS,-0.04846153846153847
Lalas Abubakar,FCD,CB,342,-0.14,MLS,-0.0368421052631579
Adrian Wibowo,LAFC,W,36,-0.15,MLS,-0.375
Alexandros Katranis,RSL,FB,918,-0.15,MLS,-0.014705882352941176
Mauricio Cuevas,LAG,W,191,-0.15,MLS,-0.0706806282722513
Morris Duggan,MIN,CB,748,-0.15,MLS,-0.01804812834224599
João Paulo,SEA,CM,347,-0.15,MLS,-0.03890489913544669
Carlos Harvey,MIN,CB,733,-0.15,MLS,-0.018417462482946793
Garrison Tubbs,DCU,CB,259,-0.16,MLS,-0.0555984555984556
DJ Taylor,MIN,FB,177,-0.16,MLS,-0.08135593220338982
Owen Graham-Roache,MTL,ST,65,-0.16,MLS,-0.22153846153846155
Léo Chú,FCD,W,233,-0.16,MLS,-0.06180257510729614
Deybi Flores,TOR,DM,1067,-0.16,MLS,-0.013495782567947515
Dominique Badji,DCU,ST,381,-0.16,MLS,-0.03779527559055118
Jackson Travis,COL,FB,341,-0.16,MLS,-0.04222873900293255
Prince Owusu,MTL,ST,1218,-0.16,MLS,-0.011822660098522167
Wil Trapp,MIN,DM,1225,-0.16,MLS,-0.011755102040816326
Brandan Craig,MTL,CB,197,-0.16,MLS,-0.0730964467005076
Max Floriani,SJE,CB,308,-0.17,MLS,-0.04967532467532468
Julian Gressel,MIN,W,172,-0.17,MLS,-0.08895348837209303
Rafael Santos,ORL,FB,567,-0.17,MLS,-0.02698412698412699
Cayman Togashi,ATL,AM,78,-0.17,MLS,-0.19615384615384618
Jeevan Badwal,VAN,CM,162,-0.17,MLS,-0.09444444444444444
Akil Watts,STL,FB,1153,-0.17,MLS,-0.013269731136166524
Mateusz Klich,ATL,DM,562,-0.18,MLS,-0.02882562277580071
Júnior Urso,HOU,DM,370,-0.19,MLS,-0.04621621621621622
Tomas Ostrak,STL,CM,467,-0.19,MLS,-0.036616702355460384
Lazar Stefanovic,TOR,CB,289,-0.19,MLS,-0.05916955017301038
Brooklyn Raines,HOU,DM,599,-0.19,MLS,-0.028547579298831387
Liam Mackenzie,VAN,W,69,-0.19,MLS,-0.24782608695652175
Erik Thommy,SKC,W,693,-0.19,MLS,-0.024675324675324677
Georgi Minoungou,SEA,W,448,-0.19,MLS,-0.03816964285714285
Kamal Miller,POR,CB,1057,-0.2,MLS,-0.017029328287606435
Matt Miazga,CIN,CB,332,-0.2,MLS,-0.054216867469879526
Xande Silva,"STL, ATL",W,374,-0.2,MLS,-0.0481283422459893
Lachlan Brook,RSL,W,124,-0.2,MLS,-0.14516129032258066
Tom Pearce,MTL,FB,450,-0.2,MLS,-0.04
Raheem Edwards,NYRB,FB,559,-0.2,MLS,-0.03220035778175313
Nicolás Dubersarsky,ATX,CM,156,-0.2,MLS,-0.11538461538461539
Daniel Munie,SJE,CB,658,-0.2,MLS,-0.02735562310030395
Ahmed Qasem,NSH,W,679,-0.21,MLS,-0.02783505154639175
Matthew Corcoran,NSH,CM,158,-0.21,MLS,-0.11962025316455696
Eduard Löwen,STL,CM,400,-0.21,MLS,-0.04725
Wiktor Bogacz,NYRB,ST,137,-0.22,MLS,-0.14452554744525548
Rida Zouhir,DCU,W,253,-0.22,MLS,-0.0782608695652174
Strahinja Tanasijević,NYC,CB,259,-0.22,MLS,-0.07644787644787646
Edwin Mosquera,ATL,W,180,-0.22,MLS,-0.11
Isaiah Parente,LAG,DM,730,-0.22,MLS,-0.027123287671232878
Elijah Wynder,LAG,CM,348,-0.22,MLS,-0.05689655172413793
Brandt Bronico,CLT,DM,1072,-0.22,MLS,-0.018470149253731343
Ethan Bartlow,HOU,CB,622,-0.22,MLS,-0.031832797427652736
Griffin Dorsey,HOU,FB,1390,-0.23,MLS,-0.014892086330935252
Owen Gene,MIN,CM,142,-0.23,MLS,-0.14577464788732394
Jake Girdwood-Reich,STL,CM,109,-0.23,MLS,-0.18990825688073398
Diego Rossi,CLB,ST,1280,-0.23,MLS,-0.016171875
Chidozie Awaziem,COL,CB,1277,-0.23,MLS,-0.01620986687548943
Jeison Palacios,NSH,CB,605,-0.24,MLS,-0.03570247933884298
Patrick McNair,SD,CB,1272,-0.24,MLS,-0.016981132075471698
Pablo Ruiz,RSL,DM,314,-0.24,MLS,-0.06878980891719745
Dawid Bugaj,MTL,FB,532,-0.25,MLS,-0.042293233082706765
Tyrese Spicer,TOR,W,469,-0.25,MLS,-0.04797441364605544
Brendan Hines-Ike,ATX,CB,1194,-0.25,MLS,-0.01884422110552764
Luis Abram,ATL,CB,1001,-0.26,MLS,-0.023376623376623377
Tucker Lepley,LAG,CM,417,-0.26,MLS,-0.05611510791366907
Cavan Sullivan,PHI,W,78,-0.26,MLS,-0.30000000000000004
Jeppe Tverskov,SD,DM,1388,-0.26,MLS,-0.01685878962536023
Cedric Teuchert,STL,ST,831,-0.26,MLS,-0.02815884476534296
Emmanuel Boateng,SD,W,111,-0.26,MLS,-0.2108108108108108
Marco Farfan,FCD,FB,524,-0.26,MLS,-0.044656488549618324
Santiago Muñoz,SKC,ST,103,-0.27,MLS,-0.2359223300970874
Cesar Ruvalcaba,CLB,CB,176,-0.27,MLS,-0.13806818181818184
Michael Edwards,COL,CB,35,-0.27,MLS,-0.6942857142857144
Ariel Lassiter,POR,W,240,-0.27,MLS,-0.10125
Ondrej Lingr,HOU,W,457,-0.27,MLS,-0.053172866520787745
Robert Taylor,"ATX, MIA",W,273,-0.28,MLS,-0.09230769230769231
Fernando Álvarez,MTL,CB,533,-0.29,MLS,-0.04896810506566604
Brad Smith,CIN,FB,207,-0.29,MLS,-0.12608695652173912
Tomás Chancalay,NER,ST,110,-0.29,MLS,-0.23727272727272727
Osman Bukari,ATX,W,1013,-0.29,MLS,-0.02576505429417571
Zanka,LAG,CB,627,-0.29,MLS,-0.0416267942583732
Gabriel Pirani,DCU,AM,689,-0.29,MLS,-0.03788098693759071
Pavel Bucha,CIN,CM,1225,-0.29,MLS,-0.02130612244897959
Samuel Shashoua,MIN,DM,133,-0.3,MLS,-0.20300751879699244
Devin Padelford,MIN,CB,102,-0.3,MLS,-0.2647058823529412
Andrés Reyes,SD,CB,43,-0.3,MLS,-0.627906976744186
Jacob Bartlett,SKC,DM,889,-0.31,MLS,-0.03138357705286839
Giuseppe Bovalina,VAN,FB,141,-0.31,MLS,-0.1978723404255319
D'Avilla Dje tah,CHI,DM,149,-0.32,MLS,-0.19328859060402687
Kosi Thompson,TOR,FB,1066,-0.32,MLS,-0.02701688555347092
Julián Aude,LAG,FB,746,-0.32,MLS,-0.0386058981233244
Yannick Bright,MIA,DM,816,-0.32,MLS,-0.03529411764705882
Anderson Julio,FCD,W,880,-0.32,MLS,-0.03272727272727273
Sam Williams,CHI,CM,263,-0.33,MLS,-0.11292775665399239
Jovan Lukić,PHI,CM,1209,-0.33,MLS,-0.02456575682382134
Luis Suárez,MIA,ST,822,-0.33,MLS,-0.03613138686131387
Show,FCD,CM,269,-0.33,MLS,-0.11040892193308552
Marcus Ingvartsen,SD,ST,347,-0.33,MLS,-0.08559077809798271
Bernard Kamungo,FCD,W,324,-0.34,MLS,-0.09444444444444444
Keegan Rosenberry,COL,FB,857,-0.34,MLS,-0.03570595099183198
Bode Hidalgo,RSL,FB,776,-0.34,MLS,-0.03943298969072165
Wyatt Meyer,NSH,CM,161,-0.34,MLS,-0.19006211180124225
Emiro Garcés,LAG,CB,1067,-0.35,MLS,-0.02952202436738519
Ajani Fortune,ATL,CM,649,-0.35,MLS,-0.0485362095531587
Braian Ojeda,RSL,DM,1272,-0.35,MLS,-0.024764150943396224
Bartosz Slisz,ATL,DM,956,-0.35,MLS,-0.032949790794979075
Ramiro Enrique,ORL,ST,333,-0.35,MLS,-0.0945945945945946
Hannes Wolf,NYC,W,1241,-0.36,MLS,-0.026107977437550365
Brayan Ceballos,NER,CB,1117,-0.36,MLS,-0.02900626678603402
Monsef Bakrar,NYC,W,383,-0.36,MLS,-0.0845953002610966
Federico Redondo,MIA,CM,503,-0.36,MLS,-0.06441351888667993
Yaw Yeboah,LAFC,CM,341,-0.37,MLS,-0.09765395894428153
Paul Rothrock,SEA,FB,1086,-0.37,MLS,-0.030662983425414365
Sean Nealis,NYRB,CB,1108,-0.37,MLS,-0.030054151624548737
Yuya Kubo,CIN,ST,607,-0.37,MLS,-0.05485996705107084
Miguel Berry,LAG,ST,436,-0.37,MLS,-0.07637614678899082
Gilberto Flores,CIN,CB,743,-0.38,MLS,-0.046029609690444145
Daniel Steres,HOU,FB,446,-0.38,MLS,-0.07668161434977579
Ashley Westwood,CLT,DM,1412,-0.38,MLS,-0.024220963172804533
Chris Durkin,STL,CM,397,-0.38,MLS,-0.08614609571788413
Josh Bauer,NSH,FB,381,-0.39,MLS,-0.09212598425196851
Deandre Kerr,TOR,ST,255,-0.39,MLS,-0.13764705882352943
Matthew Edwards,ATL,FB,786,-0.39,MLS,-0.044656488549618324
Reggie Cannon,COL,FB,925,-0.39,MLS,-0.03794594594594595
Brian Anunga,CIN,CM,859,-0.39,MLS,-0.04086146682188591
Tim Ream,CLT,FB,1247,-0.39,MLS,-0.028147554129911788
Emil Forsberg,NYRB,AM,1316,-0.4,MLS,-0.02735562310030395
Wikelman Carmona,NYRB,W,678,-0.4,MLS,-0.05309734513274336
Eric Miller,POR,FB,365,-0.4,MLS,-0.09863013698630138
Kevin Long,TOR,CB,1006,-0.4,MLS,-0.03578528827037773
Jackson Yueill,NER,DM,408,-0.41,MLS,-0.09044117647058823
Boris Enow,DCU,CM,745,-0.41,MLS,-0.04953020134228188
Noah Cobb,ATL,CB,409,-0.41,MLS,-0.0902200488997555
Dave Romney,SJE,CB,1323,-0.42,MLS,-0.02857142857142857
Kaick,FCD,CM,567,-0.42,MLS,-0.06666666666666667
Tyler Wolff,RSL,W,335,-0.43,MLS,-0.1155223880597015
Mohammed Sofo,NYRB,W,473,-0.43,MLS,-0.08181818181818182
Tomás Ángel,SD,ST,373,-0.43,MLS,-0.10375335120643432
Bryce Duke,MTL,AM,470,-0.44,MLS,-0.08425531914893618
Felipe Mora,POR,ST,854,-0.44,MLS,-0.046370023419203744
Sigurd Rosted,TOR,CB,1107,-0.44,MLS,-0.03577235772357724
Cristhian Paredes,POR,DM,332,-0.45,MLS,-0.12198795180722892
Jimer Fory,POR,FB,960,-0.45,MLS,-0.0421875
Ronald Hernández,ATL,FB,307,-0.45,MLS,-0.13192182410423453
Andrés Cubas,VAN,DM,978,-0.45,MLS,-0.04141104294478527
Logan Farrington,FCD,ST,628,-0.45,MLS,-0.06449044585987261
Derrick Etienne Jr.,TOR,ST,390,-0.45,MLS,-0.10384615384615385
Khiry Shelton,SKC,FB,563,-0.46,MLS,-0.07353463587921848
Mitja Ilenic,NYC,FB,934,-0.46,MLS,-0.04432548179871521
Nathan Byrne,CLT,FB,804,-0.46,MLS,-0.05149253731343284
Artur,HOU,DM,1367,-0.47,MLS,-0.030943672275054863
Jonathan Dean,CHI,FB,624,-0.47,MLS,-0.06778846153846153
Jules-Anthony Vilsaint,MTL,ST,137,-0.48,MLS,-0.31532846715328466
Sebastien Ibeagha,FCD,CB,1260,-0.48,MLS,-0.03428571428571429
Dániel Sallói,SKC,W,989,-0.48,MLS,-0.04368048533872598
Sergio Santos,CIN,ST,555,-0.48,MLS,-0.07783783783783783
Diogo Gonçalves,RSL,W,1084,-0.48,MLS,-0.03985239852398524
Oliver Larraz,COL,CM,1159,-0.48,MLS,-0.037273511647972386
Daniel Edelman,NYRB,CM,839,-0.48,MLS,-0.051489868891537546
Logan Ndenbe,SKC,FB,938,-0.49,MLS,-0.04701492537313432
Dagur Dan Thórhallsson,ORL,CM,552,-0.49,MLS,-0.07989130434782608
Oleksandr Svatok,ATX,CB,1079,-0.5,MLS,-0.04170528266913809
João Klauss,STL,ST,851,-0.51,MLS,-0.053936545240893065
Maxime Dominguez,TOR,CM,284,-0.51,MLS,-0.16161971830985916
Jared Stroud,DCU,W,803,-0.51,MLS,-0.05716064757160648
Raoul Petretta,TOR,FB,816,-0.52,MLS,-0.05735294117647059
Edwin Cerrillo,LAG,DM,1156,-0.52,MLS,-0.04048442906574395
Tsiki Ntsabeleng,FCD,CM,336,-0.52,MLS,-0.1392857142857143
Zorhan Bassong,SKC,CM,588,-0.53,MLS,-0.08112244897959184
Maximiliano Urruti,NER,ST,438,-0.55,MLS,-0.11301369863013701
Bruno Wilson,SJE,CB,811,-0.56,MLS,-0.06214549938347719
Zac McGraw,POR,CB,274,-0.57,MLS,-0.18722627737226277
Ramiro,FCD,DM,1073,-0.58,MLS,-0.04864864864864865
Nelson Palacio,RSL,DM,235,-0.58,MLS,-0.22212765957446806
Jacob Murrell,DCU,W,604,-0.59,MLS,-0.08791390728476822
Kim Kee-hee,SEA,CB,612,-0.59,MLS,-0.08676470588235294
Kevin Kelsy,POR,ST,603,-0.59,MLS,-0.08805970149253732
Jasper Löeffelsend,SD,FB,635,-0.59,MLS,-0.08362204724409449
Jáder Obrian,ATX,W,498,-0.6,MLS,-0.10843373493975902
Obinna Nwobodo,CIN,CM,532,-0.6,MLS,-0.10150375939849622
Jeong Sang-Bin,MIN,ST,329,-0.6,MLS,-0.1641337386018237
Matti Peltola,DCU,DM,545,-0.61,MLS,-0.10073394495412843
Jefferson Díaz,MIN,CB,919,-0.61,MLS,-0.05973884657236126
Forster Ajago,RSL,ST,295,-0.61,MLS,-0.18610169491525425
Aleksandr Guboglo,MTL,FB,571,-0.62,MLS,-0.09772329246935202
John Nelson,LAG,FB,848,-0.62,MLS,-0.06580188679245283
Hosei Kijima,DCU,W,1049,-0.62,MLS,-0.05319351763584366
Wilfried Zaha,CLT,W,1206,-0.64,MLS,-0.04776119402985075
Igor,LAFC,DM,1184,-0.64,MLS,-0.04864864864864865
William Kumado,SD,FB,695,-0.64,MLS,-0.08287769784172662
Telasco Segovia,MIA,W,736,-0.64,MLS,-0.0782608695652174
Myrto Uzuni,ATX,ST,1043,-0.65,MLS,-0.056088207094918505
Marcel Hartel,STL,CM,1358,-0.65,MLS,-0.0430780559646539
Omari Glasgow,CHI,FB,587,-0.65,MLS,-0.09965928449744464
Sergio Oregel,CHI,CM,1079,-0.68,MLS,-0.05671918443002781
Samuel Piette,MTL,DM,799,-0.68,MLS,-0.07659574468085108
Dominik Marczuk,RSL,W,632,-0.69,MLS,-0.09825949367088606
Diego Chará,POR,DM,737,-0.7,MLS,-0.08548168249660787
Matt Polster,NER,CM,894,-0.71,MLS,-0.0714765100671141
Joseph Paintsil,LAG,W,525,-0.71,MLS,-0.1217142857142857
Diego Luna,RSL,AM,1181,-0.71,MLS,-0.05410668924640135
Brooks Lennon,ATL,FB,880,-0.72,MLS,-0.07363636363636364
Lucas Sanabria,LAG,DM,468,-0.73,MLS,-0.14038461538461539
Patrick Yazbek,NSH,CM,865,-0.74,MLS,-0.0769942196531792
Jeremy Ebobisse,LAFC,ST,431,-0.75,MLS,-0.15661252900232017
Agustín Ojeda,NYC,W,563,-0.76,MLS,-0.12149200710479573
Ian Harkes,SJE,CM,1076,-0.76,MLS,-0.06356877323420074
Obafemi Awodesu,HOU,CB,1237,-0.78,MLS,-0.05675020210185934
Jonathan Osorio,TOR,DM,902,-0.78,MLS,-0.0778270509977827
Gonzalo Lujan,MIA,CB,1056,-0.79,MLS,-0.06732954545454546
Nicolás Lodeiro,HOU,W,448,-0.79,MLS,-0.15870535714285716
Jakob Glesnes,PHI,CB,1327,-0.79,MLS,-0.05357950263752827
Tom Barlow,CHI,ST,236,-0.8,MLS,-0.3050847457627119
Olwethu Makhanya,PHI,CB,803,-0.8,MLS,-0.0896637608966376
Emmanuel Latte Lath,ATL,ST,1128,-0.81,MLS,-0.06462765957446809
Josh Yaro,STL,CB,1006,-0.83,MLS,-0.0742544731610338
Eryk Williamson,CLT,CM,323,-0.84,MLS,-0.23405572755417958
Luca De La Torre,SD,CM,1168,-0.84,MLS,-0.06472602739726027
Diego Fagundez,LAG,W,1227,-0.85,MLS,-0.06234718826405868
Kellyn Acosta,CHI,DM,433,-0.87,MLS,-0.18083140877598153
William Agada,"SKC, RSL",ST,387,-0.87,MLS,-0.2023255813953488
Victor Loturi,MTL,CM,882,-0.88,MLS,-0.08979591836734695
Ibrahim Aliyu,"CLB, HOU",W,335,-0.88,MLS,-0.2364179104477612
Edvard Tagseth,NSH,DM,1325,-0.93,MLS,-0.06316981132075472
Kévin Cabral,COL,W,791,-0.95,MLS,-0.10809102402022756
Jonathan Shore,NYC,DM,955,-0.95,MLS,-0.08952879581151832
Ilie Sánchez,ATX,DM,915,-0.96,MLS,-0.09442622950819671
Benjamin Cremaschi,MIA,W,788,-0.96,MLS,-0.10964467005076142
Lorenzo Insigne,TOR,AM,753,-0.99,MLS,-0.11832669322709163
Joao Ortíz,POR,DM,656,-1.0,MLS,-0.13719512195121952
Maxi Moralez,NYC,AM,1250,-1.02,MLS,-0.07344
Darlington Nagbe,CLB,CM,1246,-1.04,MLS,-0.0751203852327448
Luca Langoni,NER,W,484,-1.06,MLS,-0.19710743801652894
Shapi Suleymanov,SKC,W,1062,-1.08,MLS,-0.09152542372881356
Mauricio Pineda,CHI,DM,919,-1.1,MLS,-0.10772578890097934
Jack Maher,NSH,CB,1413,-1.11,MLS,-0.07070063694267516
Brandon Servania,DCU,CM,817,-1.11,MLS,-0.12227662178702572
Saba Lobjanidze,ATL,W,964,-1.13,MLS,-0.1054979253112033
Alhassan Yusuf,NER,CM,1210,-1.16,MLS,-0.08628099173553719
Aleksey Miranchuk,ATL,AM,1303,-1.16,MLS,-0.08012279355333844
Indiana Vassilev,PHI,W,838,-1.17,MLS,-0.12565632458233889
Kévin Denkey,CIN,ST,1147,-1.18,MLS,-0.09258936355710548
Miki Yamane,LAG,FB,1025,-1.18,MLS,-0.10360975609756096
Sebastian Kowalczyk,HOU,W,1026,-1.23,MLS,-0.10789473684210525
Antony,POR,W,1204,-1.25,MLS,-0.09343853820598007
Eric Maxim Choupo-Moting,NYRB,ST,1353,-1.25,MLS,-0.08314855875831485
Zavier Gozo,RSL,W,540,-1.27,MLS,-0.21166666666666667
Jacen Russell-Rowe,CLB,ST,1102,-1.28,MLS,-0.10453720508166969
Samuel Rogers,CHI,CB,922,-1.3,MLS,-0.12689804772234273
Caden Clark,MTL,AM,910,-1.36,MLS,-0.1345054945054945
Mamadou Fofana,NER,CB,1175,-1.38,MLS,-0.10570212765957446
Jesús Ferreira,SEA,W,892,-1.48,MLS,-0.1493273542600897
Ariath Piol,RSL,ST,625,-1.5,MLS,-0.21599999999999997
Nathan Ordaz,LAFC,ST,778,-1.56,MLS,-0.18046272493573265
Ezequiel Ponce,HOU,ST,1249,-2.12,MLS,-0.15276220976781424
Amine Bassi,HOU,AM,1191,-2.13,MLS,-0.1609571788413098
Dejan Joveljic,SKC,ST,1203,-3.11,MLS,-0.23266832917705735
Anuar Peláez,SPK,ST,665,1.34,USL1,0.18135338345864666
Leonardo Castro,GVL,ST,626,1.2,USL1,0.17252396166134185
Luis Gil,SPK,AM,759,1.13,USL1,0.13399209486166005
Souaibou Marou,CLT,W,230,1.12,USL1,0.4382608695652174
Brecc Evans,FCN,CB,916,0.98,USL1,0.09628820960698689
Aaron Gómez,OMA,ST,571,0.98,USL1,0.15446584938704028
Pierre Reedy,SPK,W,602,0.87,USL1,0.13006644518272426
Christian Chaney,CLT,ST,689,0.86,USL1,0.11233671988388969
Sergio Ors,OMA,W,335,0.82,USL1,0.22029850746268653
Connor Evans,GVL,FB,779,0.71,USL1,0.08202824133504492
Jordan Skelton,KNX,CB,604,0.7,USL1,0.1043046357615894
Mark Doyle,KNX,W,342,0.67,USL1,0.17631578947368423
Nick Spielman,CLT,CB,806,0.64,USL1,0.07146401985111663
Darwin Espinal,RIC,W,897,0.63,USL1,0.06321070234113713
Adrien Graffin,MAD,AM,23,0.61,USL1,2.3869565217391306
Timmy Mehl,MAD,CB,692,0.61,USL1,0.07933526011560693
Ben Zakowski,GVL,W,536,0.61,USL1,0.10242537313432835
Luis Alvarez,CLT,W,745,0.6,USL1,0.07248322147651007
Alfredo Midence Alvarado,CLT,W,523,0.56,USL1,0.09636711281070746
Conor McGlynn,WES,CM,640,0.55,USL1,0.07734375000000002
David Garcia,SPK,CB,724,0.55,USL1,0.06837016574585636
Philip Spengler,TXO,CM,693,0.52,USL1,0.06753246753246753
Lucky Opara,SPK,FB,526,0.51,USL1,0.08726235741444867
Nico Brown,MAD,FB,669,0.5,USL1,0.06726457399103139
Jerry Desdunes,AVA,W,494,0.49,USL1,0.08927125506072875
Jon Bakero,CLT,W,352,0.48,USL1,0.12272727272727271
Marcelo Lage,SPK,CB,316,0.48,USL1,0.13670886075949368
Karsen Henderlong,FCN,ST,838,0.47,USL1,0.05047732696897375
Dion Acoff,OMA,FB,580,0.47,USL1,0.07293103448275862
Nathaniel James,POR,CM,12,0.43,USL1,3.225
Masashi Wada,POR,CM,377,0.43,USL1,0.1026525198938992
Niall Reid-Stephen,TRM,W,463,0.43,USL1,0.083585313174946
Chandler O'Dwyer,RIC,AM,750,0.41,USL1,0.0492
Juan Carlos Obregón Jr,WES,ST,706,0.4,USL1,0.0509915014164306
Luca Mastrantonio,AVA,CB,533,0.39,USL1,0.06585365853658537
Derek Waldeck,SPK,FB,799,0.39,USL1,0.04392991239048811
Omar Ciss,CLT,DM,565,0.34,USL1,0.05415929203539824
Joshua Ramos,CHA,FB,587,0.33,USL1,0.05059625212947189
Mason Tunbridge,TRM,ST,478,0.33,USL1,0.06213389121338913
Nicola Rosamilia,KNX,W,258,0.32,USL1,0.1116279069767442
Jake Dengler,FCN,CB,815,0.32,USL1,0.035337423312883434
Emiliano Terzaghi,RIC,ST,769,0.29,USL1,0.03394018205461638
Nils Seufert,RIC,CM,828,0.29,USL1,0.03152173913043478
Alhassan,CHA,AM,305,0.29,USL1,0.08557377049180327
Azaad Liadi,POR,ST,480,0.29,USL1,0.05437499999999999
Giovanni Calixtro,KNX,W,174,0.27,USL1,0.1396551724137931
Matthew Bentley,CHA,ST,561,0.27,USL1,0.04331550802139038
Pedro Hernandez,CHA,AM,454,0.24,USL1,0.04757709251101321
Tobi Adewole,WES,CB,505,0.23,USL1,0.04099009900990099
Koen Blommestijn,WES,ST,189,0.23,USL1,0.10952380952380952
Dean Guezen,WES,CM,199,0.21,USL1,0.0949748743718593
Jaheim Brown,KNX,FB,622,0.21,USL1,0.030385852090032153
Chevone Marsh,GVL,W,334,0.2,USL1,0.05389221556886228
Javier Mariona,AVA,ST,53,0.2,USL1,0.33962264150943394
Neco Brett,SPK,ST,186,0.19,USL1,0.09193548387096775
Adrian Billhardt,RIC,W,148,0.19,USL1,0.11554054054054055
Mitchell Osmond,MAD,CB,237,0.19,USL1,0.07215189873417722
Sergio Chavez,TXO,CB,706,0.18,USL1,0.022946175637393765
Fabrice Ngah,CLT,FB,418,0.18,USL1,0.038755980861244016
Ronald Alexis Cerritos,AVA,ST,266,0.18,USL1,0.06090225563909774
Osvaldo Lay,AVA,DM,401,0.18,USL1,0.04039900249376558
Alon Avrham Dery,TRM,DM,531,0.17,USL1,0.028813559322033902
Nathan Messer,POR,FB,555,0.17,USL1,0.02756756756756757
Anton Sorenson,CLT,FB,521,0.17,USL1,0.029366602687140118
Angelo Kelly-Rosales,KNX,CM,366,0.17,USL1,0.0418032786885246
Patrick Langlois,POR,CM,465,0.17,USL1,0.032903225806451615
Gabriel de Freitas,TRM,CM,717,0.16,USL1,0.0200836820083682
Michael Gonzalez,GVL,W,81,0.16,USL1,0.17777777777777778
Patrick Staszewski,TXO,CB,128,0.16,USL1,0.1125
Camron Miller,SPK,CB,790,0.13,USL1,0.01481012658227848
Samory Powder,WES,FB,690,0.13,USL1,0.016956521739130436
Ropapa Mensah,GVL,ST,352,0.12,USL1,0.030681818181818178
Maciej Bortniczuk,TXO,W,234,0.12,USL1,0.046153846153846156
Andrew Jean-Baptiste,WES,CB,126,0.1,USL1,0.07142857142857142
Gustavo Fernandes,FCN,FB,238,0.09,USL1,0.03403361344537815
Brandon Fricke,GVL,CB,804,0.09,USL1,0.010074626865671642
Collin Fernandez,SPK,DM,480,0.08,USL1,0.015
Ermin Mackic,WES,W,40,0.08,USL1,0.18
Michael Chilaka,MAD,CB,523,0.08,USL1,0.013766730401529637
Mehdi Ouamri,OMA,ST,161,0.07,USL1,0.0391304347826087
Michael Reilly,POR,AM,178,0.06,USL1,0.030337078651685393
Isidro Martinez,OMA,CM,149,0.05,USL1,0.0302013422818792
Preston Kilwien,TXO,CB,674,0.05,USL1,0.006676557863501484
Matthew Bolduc,RIC,W,461,0.05,USL1,0.009761388286334056
Dani Fernández,KNX,CB,658,0.05,USL1,0.006838905775075988
Owen Green,CHA,CB,317,0.05,USL1,0.014195583596214511
Nil Vinyals,SPK,ST,202,0.04,USL1,0.017821782178217824
Donald Benamna,TXO,DM,28,0.04,USL1,0.12857142857142856
Ashkanov Apollon,AVA,ST,43,0.03,USL1,0.06279069767441861
Jaden Jones-Riley,POR,FB,225,0.02,USL1,0.008
Callum Johnson,KNX,CM,288,0.02,USL1,0.00625
Rodolfo Sulia,FCN,ST,37,0.02,USL1,0.04864864864864865
Roscoe Rubinstein,FCN,CM,26,0.02,USL1,0.06923076923076923
Joshua Drack,WES,CB,104,0.02,USL1,0.01730769230769231
Blake Malone,OMA,CB,99,0.01,USL1,0.00909090909090909
Charlie Ostrem,OMA,FB,504,0.01,USL1,0.0017857142857142857
Ivan Agyaakwah,GVL,CB,178,0.01,USL1,0.005056179775280899
Wynand Wessels,CHA,DM,133,0.01,USL1,0.006766917293233083
Brayan Padilla,TXO,W,185,0.0,USL1,0.0
Andrew Richman,RIC,W,17,0.0,USL1,0.0
Ryen Jiba,OMA,FB,16,0.0,USL1,0.0
Landon Johnson,RIC,ST,13,-0.0,USL1,-0.0
Omar Gómez,CHA,CM,238,-0.0,USL1,-0.0
Adam Aoumaich,AVA,FB,70,-0.0,USL1,-0.0
Nzuhri Biggar,GVL,AM,35,-0.0,USL1,-0.0
Jonathan Filipe,CHA,AM,148,-0.0,USL1,-0.0
Sivert Haugli,KNX,DM,485,-0.01,USL1,-0.0018556701030927835
Miles Rice,CLT,ST,68,-0.01,USL1,-0.01323529411764706
Anthony Patti,GVL,AM,26,-0.01,USL1,-0.03461538461538462
Yaniv Bazini,TRM,ST,609,-0.01,USL1,-0.0014778325123152708
Leland Gray,TXO,W,7,-0.02,USL1,-0.2571428571428571
Gharett Morris,CHA,AM,26,-0.02,USL1,-0.06923076923076923
Colby Quinones,POR,FB,188,-0.02,USL1,-0.009574468085106383
Kwaku Owusu,OMA,CB,403,-0.02,USL1,-0.004466501240694789
Juan Moreno,CLT,ST,42,-0.02,USL1,-0.04285714285714286
Gerald Healy,TRM,CB,7,-0.02,USL1,-0.2571428571428571
Christopher Jaime,CLT,DM,19,-0.03,USL1,-0.14210526315789473
Kemy Amiche,OMA,W,239,-0.04,USL1,-0.015062761506276152
Yanis Lelin,CHA,FB,45,-0.04,USL1,-0.08
Mark Hernández,SPK,W,22,-0.05,USL1,-0.20454545454545459
Kimball Jackson,CHA,FB,148,-0.05,USL1,-0.030405405405405407
Lucca Dourado Pereira,MAD,ST,17,-0.05,USL1,-0.2647058823529412
Mikkel Gøling,KNX,CM,581,-0.05,USL1,-0.00774526678141136
Conor Doyle,TRM,CM,94,-0.05,USL1,-0.047872340425531915
Prosper Kasim,OMA,AM,32,-0.06,USL1,-0.16874999999999998
Stavros Zarokostas,KNX,W,463,-0.06,USL1,-0.011663066954643628
Shavon John-Brown,SPK,W,472,-0.06,USL1,-0.011440677966101695
Mink Peeters,WES,ST,85,-0.06,USL1,-0.06352941176470588
Jordan Ayimbila,CHA,FB,461,-0.06,USL1,-0.011713665943600867
Mark Bronnik,OMA,ST,123,-0.06,USL1,-0.04390243902439024
Erick Ceja,AVA,FB,75,-0.06,USL1,-0.072
Jimmie Villalobos,AVA,CM,591,-0.07,USL1,-0.010659898477157361
Nazeem Bartman,MAD,ST,177,-0.07,USL1,-0.03559322033898305
Dane Domic,TXO,ST,25,-0.07,USL1,-0.25200000000000006
Miguel Ibarra,AVA,CM,27,-0.07,USL1,-0.23333333333333336
Scott McLeod,KNX,CB,180,-0.07,USL1,-0.035
Damia Viader I Masdeu,MAD,AM,157,-0.08,USL1,-0.04585987261146497
Babacar Diene,KNX,ST,257,-0.08,USL1,-0.02801556420233463
John Murphy,MAD,CM,388,-0.08,USL1,-0.018556701030927835
Tyler Polak,GVL,FB,745,-0.09,USL1,-0.01087248322147651
Rodrigo Robles,GVL,W,263,-0.09,USL1,-0.03079847908745247
Devin Benton,GVL,FB,375,-0.09,USL1,-0.021599999999999998
Jackson Dietrich,MAD,CM,162,-0.1,USL1,-0.05555555555555555
Lamin Jawneh,TXO,W,502,-0.1,USL1,-0.017928286852589643
Omar Hernandez,CHA,AM,429,-0.1,USL1,-0.02097902097902098
Kemar Lawrence,WES,CB,205,-0.1,USL1,-0.04390243902439025
Brandon Knapp,OMA,AM,339,-0.11,USL1,-0.029203539823008853
Meredith Bryce,SPK,DM,116,-0.11,USL1,-0.0853448275862069
Samuel Mahlamäki Camacho,POR,CB,201,-0.11,USL1,-0.049253731343283584
Reid Valentine,TXO,FB,526,-0.11,USL1,-0.0188212927756654
Pascal Corvino,GVL,W,106,-0.11,USL1,-0.09339622641509435
Max Glasser,FCN,FB,836,-0.11,USL1,-0.011842105263157895
Marc Torrellas,FCN,CM,336,-0.12,USL1,-0.03214285714285714
Max Schneider,OMA,CM,607,-0.12,USL1,-0.017792421746293245
Ismaila Jome,SPK,W,506,-0.12,USL1,-0.02134387351778656
Jake Keegan,POR,W,111,-0.13,USL1,-0.1054054054054054
Kemali Green,POR,CB,200,-0.14,USL1,-0.06300000000000001
Jonathan Kanagwa,RIC,AM,89,-0.14,USL1,-0.1415730337078652
Josh Kirkland,RIC,W,537,-0.14,USL1,-0.023463687150837992
Titus Washington,POR,ST,308,-0.14,USL1,-0.040909090909090916
Laurence Wootton,OMA,CM,242,-0.15,USL1,-0.05578512396694214
Micael DeShields,CLT,CB,269,-0.15,USL1,-0.05018587360594796
Sebastián Vivas,TRM,ST,248,-0.16,USL1,-0.05806451612903226
Pele Ousmanou,CLT,CB,161,-0.16,USL1,-0.08944099378881988
Andre Lewis,SPK,DM,794,-0.16,USL1,-0.0181360201511335
Jake Crull,MAD,CB,610,-0.16,USL1,-0.023606557377049184
Anderson Holt,OMA,CB,205,-0.17,USL1,-0.07463414634146343
Aaron Walker,TRM,W,420,-0.17,USL1,-0.03642857142857143
Juan Galindrez,MAD,ST,541,-0.17,USL1,-0.02828096118299446
Stuart Ritchie,KNX,FB,703,-0.17,USL1,-0.021763869132290187
Devin Boyce,MAD,W,404,-0.17,USL1,-0.03787128712871288
Jack Denton,SPK,CM,351,-0.17,USL1,-0.043589743589743594
Javier Martin Gil,SPK,FB,412,-0.17,USL1,-0.03713592233009709
Rafael Jauregui,CLT,W,729,-0.18,USL1,-0.022222222222222223
Callum Stretch,TRM,CB,505,-0.18,USL1,-0.03207920792079208
Kimarni Smith,KNX,W,130,-0.18,USL1,-0.12461538461538461
Jonathan Bolanos,WES,W,674,-0.18,USL1,-0.024035608308605343
Beckett Howell,RIC,FB,248,-0.18,USL1,-0.06532258064516129
Christian Ortiz,AVA,FB,117,-0.19,USL1,-0.14615384615384616
Klaidi Cela,RIC,CB,486,-0.19,USL1,-0.03518518518518519
Tyler Pasnik,FCN,W,140,-0.2,USL1,-0.12857142857142856
Derek Gebhard,MAD,W,637,-0.2,USL1,-0.0282574568288854
Taylor Gray,TRM,W,86,-0.21,USL1,-0.2197674418604651
Ozzie Ramos,TXO,DM,561,-0.21,USL1,-0.033689839572192515
Kempes Waldemar Tekiela,KNX,ST,446,-0.22,USL1,-0.04439461883408072
Luke McCormick,TXO,W,59,-0.22,USL1,-0.3355932203389831
Jay Tee Kamara,POR,FB,75,-0.22,USL1,-0.264
Ualefi,CHA,CM,641,-0.22,USL1,-0.030889235569422774
Teddy Baker,TXO,DM,263,-0.23,USL1,-0.07870722433460076
Diego Pepi,TXO,ST,99,-0.23,USL1,-0.2090909090909091
Louis Herrera,GVL,DM,689,-0.23,USL1,-0.030043541364296083
Prince Saydee,WES,W,258,-0.24,USL1,-0.08372093023255814
Michel Poon-Angeron,POR,CM,495,-0.24,USL1,-0.04363636363636363
Garrett McLaughlin,MAD,ST,174,-0.24,USL1,-0.12413793103448274
Kaloyan Pehlivanov,AVA,CB,663,-0.24,USL1,-0.03257918552036199
Walter Varela,POR,W,447,-0.24,USL1,-0.04832214765100671
Harrison Robledo,AVA,CM,478,-0.24,USL1,-0.045188284518828455
Joseph Pérez,TRM,FB,57,-0.25,USL1,-0.39473684210526316
Angelo Calfo,TXO,CB,446,-0.25,USL1,-0.05044843049327354
Emmanuel Alaribe,AVA,ST,500,-0.25,USL1,-0.045
Brandon McManus,TXO,ST,441,-0.25,USL1,-0.05102040816326531
Rashid Tetteh,WES,CB,180,-0.25,USL1,-0.125
Oscar Jimenez,TRM,FB,564,-0.26,USL1,-0.041489361702127664
Andrés Ferrín,FCN,W,745,-0.26,USL1,-0.03140939597315436
Javen Romero,CLT,CB,408,-0.27,USL1,-0.059558823529411775
Christopher Garcia,MAD,FB,123,-0.27,USL1,-0.1975609756097561
Masango Akale,SPK,W,241,-0.28,USL1,-0.1045643153526971
Michael Knapp,CHA,CM,669,-0.28,USL1,-0.03766816143497758
Maximiliano Schenfeld,RIC,FB,791,-0.29,USL1,-0.032996207332490514
Daniel Bouman,WES,CM,360,-0.29,USL1,-0.0725
Evan Southern,POR,W,198,-0.3,USL1,-0.13636363636363635
Dakota Barnathan,RIC,DM,1020,-0.3,USL1,-0.026470588235294114
Jayden Onen,FCN,W,712,-0.31,USL1,-0.039185393258426966
Mikey Lopez,POR,FB,384,-0.32,USL1,-0.07500000000000001
Marco Milanese,OMA,CB,508,-0.32,USL1,-0.05669291338582677
Brent Kallman,OMA,CB,507,-0.33,USL1,-0.058579881656804736
Edwin Munjoma,MAD,FB,83,-0.34,USL1,-0.3686746987951807
Shandon Wright,POR,CB,207,-0.34,USL1,-0.14782608695652175
José Carrera-Garcia,MAD,CM,490,-0.35,USL1,-0.06428571428571428
Jon Paul Jordan II,TXO,CM,726,-0.35,USL1,-0.04338842975206611
Miguel Pajaro,AVA,CB,611,-0.35,USL1,-0.05155482815057283
Eduardo Blancas,AVA,W,466,-0.36,USL1,-0.06952789699570816
Hayden Anderson,RIC,W,357,-0.37,USL1,-0.09327731092436975
Thabo Nare,TRM,CB,109,-0.38,USL1,-0.3137614678899083
Simon Fitch,RIC,FB,1020,-0.38,USL1,-0.033529411764705884
Aiden Mesias,MAD,CM,392,-0.38,USL1,-0.08724489795918368
Zane Bubb,GVL,CB,528,-0.39,USL1,-0.06647727272727273
Ferrety Sousa,MAD,FB,581,-0.39,USL1,-0.0604130808950086
Walmer Martinez,AVA,FB,486,-0.39,USL1,-0.07222222222222223
Abel Caputo,KNX,DM,473,-0.39,USL1,-0.07420718816067653
Juan Sebastian Palma,WES,CB,180,-0.4,USL1,-0.2
Anatol Prepelita,TRM,CB,380,-0.4,USL1,-0.09473684210526316
Evan Lee,GVL,CB,744,-0.41,USL1,-0.04959677419354838
Eric Kinzner,CHA,CB,726,-0.42,USL1,-0.05206611570247934
Sebastian Cruz,AVA,W,697,-0.42,USL1,-0.05423242467718795
Ollie Wright,POR,W,357,-0.42,USL1,-0.10588235294117646
William Perkins,TXO,FB,598,-0.42,USL1,-0.06321070234113713
Joaquin Acuna,AVA,CM,123,-0.43,USL1,-0.3146341463414634
Sebastian Velasquez,GVL,AM,334,-0.44,USL1,-0.118562874251497
Handwalla Bwana,TRM,W,241,-0.45,USL1,-0.16804979253112035
Joel Johnson,WES,CM,447,-0.45,USL1,-0.09060402684563759
Gabriel Alves,TRM,FB,710,-0.46,USL1,-0.05830985915492958
Bobby Pierre,WES,CB,326,-0.46,USL1,-0.12699386503067486
Bachir Ndiaye,CLT,DM,709,-0.47,USL1,-0.059661495063469676
Ian Cerro,FCN,W,397,-0.48,USL1,-0.108816120906801
Joe Gallardo,OMA,W,450,-0.52,USL1,-0.104
Jonathan Nyandjo,TRM,W,415,-0.52,USL1,-0.1127710843373494
Ian Garrett,FCN,FB,127,-0.54,USL1,-0.3826771653543308
Maboumou Alassane,AVA,FB,463,-0.55,USL1,-0.10691144708423327
Clay Dimick,CLT,FB,806,-0.56,USL1,-0.06253101736972706
Tobi Jnohope,CHA,CB,316,-0.57,USL1,-0.16234177215189874
Luka Prpa,FCN,ST,601,-0.6,USL1,-0.08985024958402663
James Vaughan,RIC,DM,501,-0.62,USL1,-0.11137724550898202
Guilherme França,RIC,CB,628,-0.63,USL1,-0.09028662420382166
Solomon Asante,TXO,AM,578,-0.63,USL1,-0.0980968858131488
Christopher Heckenberg,FCN,DM,731,-0.64,USL1,-0.07879616963064295
Zahir Vasquez,CHA,ST,326,-0.64,USL1,-0.17668711656441718
Julian Cisneros,FCN,FB,776,-0.65,USL1,-0.07538659793814434
Kevin O'Connor,FCN,CM,779,-0.72,USL1,-0.08318356867779203
David Mason,TXO,FB,567,-0.77,USL1,-0.12222222222222222
Jackson Kasanzu,TRM,CB,508,-0.79,USL1,-0.13996062992125985
Stephen Payne,WES,FB,682,-0.85,USL1,-0.11217008797653957
Noah Powder,WES,W,532,-0.93,USL1,-0.15733082706766918
Jose Carlos Anguiano,GVL,DM,498,-1.02,USL1,-0.18433734939759036
Griffin Garnett,RIC,CB,640,-1.04,USL1,-0.14625000000000002
Sean Vinberg,POR,CB,607,-1.16,USL1,-0.17199341021416803
Declan Watters,CHA,CB,726,-1.43,USL1,-0.17727272727272728
Elvis Amoh,IND,ST,301,1.76,USLC,0.5262458471760797
Taylor Calheira,TUL,ST,782,1.75,USLC,0.20140664961636828
Juan Torres,CHS,W,867,1.71,USLC,0.17750865051903114
Phillip Goodrum,LOU,ST,662,1.41,USLC,0.1916918429003021
Mayele Malango,MB,W,702,1.3,USLC,0.16666666666666669
Matthew Mahoney,COS,CB,1003,1.19,USLC,0.10677966101694915
Peter Wilson,OAK,ST,826,1.12,USLC,0.12203389830508475
Wilmer Cabrera,ELP,W,725,1.06,USLC,0.13158620689655173
Taylor Davila,LOU,CM,880,1.03,USLC,0.1053409090909091
Pacifique Niyongabire,TBR,FB,600,0.99,USLC,0.1485
J.J. Williams,RI,ST,435,0.96,USLC,0.19862068965517243
Arturo Ortíz,ELP,CB,680,0.96,USLC,0.12705882352941175
Damian Rivera,PHX,W,568,0.94,USLC,0.14894366197183098
Hope Avayevu,PHX,CM,815,0.93,USLC,0.1026993865030675
Abdellatif Aboukoura,LDN,W,877,0.86,USLC,0.08825541619156213
Cameron Dunbar,OC,W,354,0.79,USLC,0.20084745762711867
Daltyn Knutson,MIA,CB,713,0.78,USLC,0.09845722300140253
Jake LaCava,SA,W,598,0.69,USLC,0.10384615384615384
Riley Bidois,LDN,ST,385,0.62,USLC,0.14493506493506494
Wesley Leggett,LDN,W,559,0.57,USLC,0.09177101967799642
Jonas Fjeldberg,COS,W,204,0.56,USLC,0.24705882352941178
Forrest Lasso,TBR,CB,498,0.56,USLC,0.10120481927710845
Amando Moreno,ELP,W,940,0.55,USLC,0.05265957446808511
Axel Essengue,PHX,CB,304,0.55,USLC,0.16282894736842107
Joseph Farrell,HFD,CB,657,0.53,USLC,0.0726027397260274
Christopher Hegardt,OC,ST,545,0.53,USLC,0.08752293577981651
Sean Suber,PIT,CB,899,0.51,USLC,0.0510567296996663
Lee Desmond,SAC,CB,390,0.51,USLC,0.1176923076923077
Juan Sebastián Herrera,SAC,ST,566,0.5,USLC,0.07950530035335689
Russell Cicerone,SAC,ST,693,0.49,USLC,0.06363636363636363
Matt Myers,CHS,AM,477,0.49,USLC,0.09245283018867925
Clay Holstad,RI,CM,778,0.49,USLC,0.056683804627249354
Jon-Talen Maples,NM,CB,907,0.48,USLC,0.04762954796030871
Aiden McFadden,LOU,FB,572,0.48,USLC,0.07552447552447553
Luis Paredes,SA,W,456,0.46,USLC,0.09078947368421053
Kobe Hernandez-Foster,BHM,CM,765,0.44,USLC,0.05176470588235294
Alex Villanueva,DET,FB,819,0.44,USLC,0.04835164835164835
Tom Brewitt,OC,CB,848,0.44,USLC,0.04669811320754717
Maliek Howell,LV,CB,672,0.44,USLC,0.05892857142857143
Paul Gindiri,MB,ST,901,0.44,USLC,0.043951165371809105
Robert Castellanos,TBR,CB,726,0.44,USLC,0.05454545454545454
Michael Maldonado,NC,CM,960,0.44,USLC,0.04125
Darius Johnson,PHX,W,188,0.43,USLC,0.20585106382978724
Haruki Yamazaki,DET,FB,122,0.42,USLC,0.30983606557377047
Oalex Anderson,NC,ST,435,0.42,USLC,0.08689655172413793
Pedro Santos,LDN,W,491,0.41,USLC,0.07515274949083503
Justin Rasmussen,OAK,FB,372,0.41,USLC,0.09919354838709676
Stephen Carroll,DET,CB,799,0.4,USLC,0.04505632040050063
Paco Craig,NC,CB,645,0.4,USLC,0.0558139534883721
Woobens Pacius,TBR,ST,767,0.4,USLC,0.0469361147327249
Mitchell Taintor,SA,CB,665,0.39,USLC,0.05278195488721805
Michael Bryant,DET,CB,968,0.38,USLC,0.035330578512396696
Arturo Rodriguez,CHS,W,437,0.37,USLC,0.07620137299771167
Braudílio Rodrigues,LEX,W,528,0.37,USLC,0.06306818181818181
Delentz Pierre,TUL,CB,439,0.37,USLC,0.07585421412300683
Rubio Rubín,CHS,ST,80,0.36,USLC,0.40499999999999997
Daniel Carter,ELP,W,81,0.36,USLC,0.4
Roberto Ydrach,PIT,CB,772,0.35,USLC,0.04080310880829015
Collin Smith,PHX,FB,964,0.35,USLC,0.03267634854771784
Nick Moon,TBR,FB,144,0.34,USLC,0.2125
Jack Blake,IND,AM,728,0.34,USLC,0.042032967032967036
Cal Jennings,CHS,ST,764,0.33,USLC,0.038874345549738225
Bryce Jamison,OC,W,365,0.33,USLC,0.08136986301369863
Luiz Fernando,NM,W,690,0.32,USLC,0.04173913043478261
Bruno Manuel Rendón,IND,W,330,0.32,USLC,0.08727272727272727
Anthony Herbert,NM,CB,128,0.32,USLC,0.225
Jimmy Medranda,SA,FB,872,0.31,USLC,0.031995412844036696
Tyler Pasher,BHM,W,400,0.3,USLC,0.0675
Emil Cuello,PHX,FB,297,0.3,USLC,0.09090909090909091
Nico Benalcazar,OC,CM,908,0.29,USLC,0.028744493392070483
Quenzi Huerman,COS,W,421,0.29,USLC,0.06199524940617577
Leo Fernandes,TBR,W,301,0.29,USLC,0.08671096345514949
Lamar Batista,TUL,CB,916,0.28,USLC,0.027510917030567687
Aimé Mabika,RI,CB,187,0.28,USLC,0.13475935828877006
Kyle Edwards,HFD,ST,209,0.28,USLC,0.12057416267942585
Anton Sojberg Horup,MB,ST,564,0.28,USLC,0.04468085106382979
Alejandro Mitrano,MIA,FB,403,0.27,USLC,0.06029776674937965
Preston Tabort Etaka,BHM,W,499,0.27,USLC,0.048697394789579164
Shaft Brewer,LV,FB,122,0.27,USLC,0.19918032786885248
Elliot Collier,IND,CB,116,0.26,USLC,0.20172413793103447
Ezra Armstrong,NC,FB,165,0.26,USLC,0.14181818181818182
Nick Ross,SAC,CM,353,0.25,USLC,0.06373937677053824
Ousmane Sylla,OC,AM,371,0.24,USLC,0.05822102425876011
James Murphy,IND,DM,807,0.23,USLC,0.025650557620817846
Allen Gavilanes,MIA,W,464,0.23,USLC,0.04461206896551725
Kevin Hoyos,MIA,ST,54,0.22,USLC,0.36666666666666664
Francisco Bonfiglio,MIA,ST,643,0.2,USLC,0.027993779160186628
Rodrigo López,SAC,CM,282,0.19,USLC,0.06063829787234043
Owen Damm,TUL,FB,795,0.19,USLC,0.02150943396226415
Alex Nagy,LDN,W,62,0.19,USLC,0.27580645161290324
Aodhan Quinn,IND,DM,772,0.19,USLC,0.022150259067357514
Albert Dikwa,RI,ST,629,0.18,USLC,0.025755166931637517
Christopher Gloster,NM,FB,378,0.18,USLC,0.04285714285714286
Gabriel Torres,ELP,FB,708,0.18,USLC,0.02288135593220339
Jack Gurr,SAC,FB,732,0.17,USLC,0.0209016393442623
Zachary Zandi,COS,DM,787,0.17,USLC,0.01944091486658196
Aaron Molloy,CHS,DM,908,0.17,USLC,0.016850220264317182
Álvaro Quezada,ELP,FB,298,0.17,USLC,0.05134228187919464
Lewis Jamieson,SAC,ST,444,0.16,USLC,0.032432432432432434
Michael Adedokun,LEX,W,128,0.16,USLC,0.1125
Sofiane Djeffal,LEX,DM,958,0.16,USLC,0.015031315240083509
Louis Pérez,NC,W,503,0.16,USLC,0.028628230616302187
Ryan Doghman,OC,FB,779,0.15,USLC,0.017329910141206675
James Musa,IND,CB,807,0.15,USLC,0.016728624535315983
Tommy McCabe,LDN,DM,990,0.15,USLC,0.013636363636363636
Thomas Amang,NM,ST,158,0.15,USLC,0.08544303797468354
Evan Davila,LOU,CM,288,0.15,USLC,0.046875
Chris Allan,CHS,DM,584,0.15,USLC,0.023116438356164382
Zach Duncan,LOU,CM,297,0.15,USLC,0.045454545454545456
Emmanuel Samadia,HFD,FB,706,0.14,USLC,0.01784702549575071
Joseph Brito,RI,W,277,0.13,USLC,0.042238267148014444
Devon Amoo-Mensah,DET,CB,702,0.13,USLC,0.01666666666666667
John Klein,CHS,W,329,0.13,USLC,0.03556231003039514
Kalil ElMedkhar,TUL,W,376,0.13,USLC,0.031117021276595744
Guillaume Vacter,PIT,CB,197,0.13,USLC,0.05939086294416244
Maalique Foster,IND,W,689,0.13,USLC,0.0169811320754717
Rio Hope-Gund,RI,FB,379,0.12,USLC,0.02849604221635884
Stephen Turnbull,BHM,FB,200,0.12,USLC,0.05399999999999999
Frederik Kleemann,SAC,CB,898,0.1,USLC,0.01002227171492205
Lewis Hilton,TBR,CM,229,0.1,USLC,0.039301310043668124
Tristan Hodge,NC,CB,400,0.1,USLC,0.0225
Ben Mines,LDN,W,546,0.1,USLC,0.016483516483516484
Sami Guediri,MB,FB,344,0.09,USLC,0.023546511627906972
Dmitri Erofeev,SA,W,89,0.09,USLC,0.09101123595505618
Boluwatife Akinyode,MIA,CB,814,0.08,USLC,0.008845208845208846
Juan Agudelo,SA,ST,383,0.08,USLC,0.018798955613577025
Francesco Celeste,MIA,ST,86,0.08,USLC,0.08372093023255814
Pedro Dolabella,NC,W,631,0.08,USLC,0.011410459587955626
Roberto Molina,OC,AM,150,0.07,USLC,0.042
Trevor Amann,SAC,ST,35,0.07,USLC,0.18
Frank Nodarse,RI,CB,655,0.07,USLC,0.009618320610687025
Cristian Parano,SAC,W,646,0.07,USLC,0.00975232198142415
Alexis Souahy,SA,CB,331,0.07,USLC,0.019033232628398795
Luis Saldana,OAK,FB,20,0.07,USLC,0.31500000000000006
Rayan Djedje,SAC,FB,69,0.07,USLC,0.09130434782608696
Moses Mensah,BHM,FB,613,0.06,USLC,0.008809135399673736
Justin Malou,NC,CB,9,0.06,USLC,0.6
Marcus Epps,LEX,W,997,0.06,USLC,0.005416248746238716
Frank López,ELP,W,79,0.05,USLC,0.056962025316455694
Noah Dollenmayer,ELP,FB,104,0.05,USLC,0.04326923076923077
Herbert Endeley,COS,W,525,0.05,USLC,0.008571428571428572
Jake Morris,LOU,FB,36,0.04,USLC,0.1
Max Broughton,PIT,FB,127,0.04,USLC,0.028346456692913385
Ricky Ruiz,ELP,FB,615,0.04,USLC,0.005853658536585367
Ihsan Sacko,PHX,W,730,0.03,USLC,0.0036986301369863013
Edwin Laszo,"BHM, TUL",DM,191,0.03,USLC,0.01413612565445026
Daniel Griffin,PIT,AM,899,0.02,USLC,0.0020022246941045607
Aaron Acloque,MIA,FB,59,0.02,USLC,0.030508474576271188
Langston Blackstock,CHS,FB,421,0.02,USLC,0.004275534441805226
Alexander Rodriguez,TBR,FB,20,0.02,USLC,0.09
Manny Perez,LOU,FB,700,0.01,USLC,0.0012857142857142856
Lyam MacKinnon,OC,W,435,0.01,USLC,0.0020689655172413794
John Scearce,PHX,DM,554,0.0,USLC,0.0
Marcello Polisi,DET,CM,359,0.0,USLC,0.0
Adrien Pérez,LOU,W,383,0.0,USLC,0.0
Kalen Ryden,NM,CB,746,0.0,USLC,0.0
Chibuike Ukaegbu,SAC,CB,363,0.0,USLC,0.0
Michael Lawrence,MIA,ST,68,0.0,USLC,0.0
Gagi Margvelashvili,OAK,CB,80,0.0,USLC,0.0
Joe Hafferty,LEX,FB,823,0.0,USLC,0.0
Camden Riley,OAK,FB,265,0.0,USLC,0.0
Finn McRobb,IND,FB,47,0.0,USLC,0.0
Niall McCabe,LOU,AM,129,-0.0,USLC,-0.0
Dominic Gasso,DET,CM,180,-0.0,USLC,-0.0
Alasanne Ates Diouf,DET,ST,98,-0.0,USLC,-0.0
Pierce Rizzo,PHX,CM,8,-0.0,USLC,-0.0
Finn Calloway,BHM,W,2,-0.0,USLC,-0.0
Alejandro Lara,MB,CB,168,-0.01,USLC,-0.005357142857142857
Anthony Fontana,COS,AM,668,-0.01,USLC,-0.001347305389221557
Gedion Zelalem,NM,DM,439,-0.01,USLC,-0.002050113895216401
Alejandro Araneda,PHX,AM,2,-0.01,USLC,-0.45
Matthew Sheldon,DET,FB,19,-0.01,USLC,-0.04736842105263158
Jorge Hernández,SA,AM,1017,-0.01,USLC,-0.0008849557522123894
Pape Boye,PHX,CB,574,-0.01,USLC,-0.0015679442508710801
Daouda Peeters,LV,CM,17,-0.01,USLC,-0.05294117647058824
Arthur Rogers,TUL,CB,707,-0.01,USLC,-0.0012729844413012729
Josh Erlandson,LDN,W,10,-0.02,USLC,-0.18
Xavi Gnaulati,MB,CM,359,-0.02,USLC,-0.005013927576601671
Justin Portillo,SAC,DM,81,-0.02,USLC,-0.022222222222222223
Giulio Doratiotto,PHX,W,7,-0.02,USLC,-0.2571428571428571
Tyler Clegg,SAC,AM,14,-0.02,USLC,-0.12857142857142856
Charles Ahl,PIT,AM,42,-0.02,USLC,-0.04285714285714286
Da'vian Kimbrough,SAC,AM,8,-0.02,USLC,-0.225
Bobosi Byaruhanga,OAK,CM,553,-0.02,USLC,-0.0032549728752260397
Cyrus Kowall,PHX,W,8,-0.02,USLC,-0.225
Jackson DuBois,NM,CM,19,-0.02,USLC,-0.09473684210526316
Jay Chapman,DET,CM,756,-0.02,USLC,-0.002380952380952381
Tomas Pondeca,NM,CM,166,-0.02,USLC,-0.010843373493975903
Edrey Caceres,LEX,DM,103,-0.03,USLC,-0.026213592233009706
Tumi Moshobane,ELP,W,274,-0.03,USLC,-0.009854014598540146
Justin Ingram,HFD,DM,58,-0.03,USLC,-0.04655172413793104
Kyle Scott,OC,CM,880,-0.03,USLC,-0.0030681818181818184
Nighte Pickering,LV,ST,158,-0.03,USLC,-0.01708860759493671
Christian Volesky,LEX,ST,15,-0.03,USLC,-0.18
Patrick Seagrist,TUL,FB,113,-0.03,USLC,-0.02389380530973451
Darnell King,PHX,ST,25,-0.04,USLC,-0.14400000000000002
Tony Alfaro,ELP,CB,406,-0.04,USLC,-0.008866995073891626
Pablo Linzoain,PIT,W,30,-0.04,USLC,-0.12
Aidan Rocha,COS,DM,283,-0.04,USLC,-0.012720848056537103
Gael Gibert,LEX,CB,514,-0.04,USLC,-0.007003891050583658
Houssou Landru,CHS,FB,815,-0.04,USLC,-0.004417177914110429
Hugh Alexander Dixon,MB,W,144,-0.05,USLC,-0.03125
Ereku Temitayo,BHM,DM,34,-0.05,USLC,-0.1323529411764706
Perrin Barnes,PIT,FB,387,-0.05,USLC,-0.011627906976744188
Deshane Beckford,HFD,W,340,-0.05,USLC,-0.01323529411764706
Carlos Moguel,LOU,CM,104,-0.05,USLC,-0.04326923076923077
Aaron Hurge,LDN,FB,29,-0.05,USLC,-0.15517241379310345
Jace Sais,NM,W,7,-0.05,USLC,-0.6428571428571429
Elias Gärtig,LV,CB,898,-0.06,USLC,-0.0060133630289532294
Charlie Adams,COS,DM,202,-0.06,USLC,-0.026732673267326732
Christian Sorto,LDN,FB,42,-0.06,USLC,-0.12857142857142856
Charlie Dennis,PHX,CM,18,-0.06,USLC,-0.3
Alex Dalou,TUL,W,498,-0.06,USLC,-0.010843373493975903
Graham Smith,CHS,CB,409,-0.06,USLC,-0.013202933985330073
Robert Coronado,ELP,CM,614,-0.06,USLC,-0.008794788273615635
Ethan Pendleton,LDN,FB,46,-0.06,USLC,-0.11739130434782608
Eliot Goldthorp,LEX,W,384,-0.07,USLC,-0.01640625
Stefan Lukic,TUL,W,230,-0.07,USLC,-0.02739130434782609
Carlos Guzmán,MB,CB,967,-0.07,USLC,-0.006514994829369184
Patrick Burner,NC,FB,80,-0.07,USLC,-0.07875000000000001
Rodrigo da Costa,NC,W,454,-0.07,USLC,-0.013876651982378856
Tobías Zarate,MIA,ST,165,-0.08,USLC,-0.04363636363636363
Jonathan Ricketts,MIA,CB,705,-0.08,USLC,-0.010212765957446808
Marco Micaletto,COS,DM,719,-0.08,USLC,-0.010013908205841447
Gerald Díaz,MIA,FB,149,-0.08,USLC,-0.04832214765100672
Morey Doner,DET,FB,275,-0.08,USLC,-0.02618181818181818
Cameron Lindley,IND,DM,64,-0.08,USLC,-0.1125
Rémi Cabral,PHX,ST,730,-0.08,USLC,-0.009863013698630137
Joey Skinner,TBR,FB,83,-0.08,USLC,-0.08674698795180723
Jansen Wilson,LOU,W,567,-0.08,USLC,-0.0126984126984127
Brigham Larsen,PIT,ST,62,-0.08,USLC,-0.11612903225806452
Jacob Rufe,BHM,CB,852,-0.08,USLC,-0.008450704225352114
Lucca Dourado Pereira,BHM,W,47,-0.08,USLC,-0.15319148936170213
Jacob Muir,MB,CB,101,-0.08,USLC,-0.0712871287128713
Ashton Miles,OC,CB,328,-0.08,USLC,-0.02195121951219512
Ryan Flood,PHX,FB,112,-0.09,USLC,-0.07232142857142856
Endri Mustali,TBR,ST,144,-0.09,USLC,-0.05625
Moses Nyeman,LDN,DM,341,-0.09,USLC,-0.02375366568914956
Joshua Drack,CHS,FB,47,-0.09,USLC,-0.1723404255319149
Michael Edwards,CHS,CB,199,-0.09,USLC,-0.0407035175879397
Josh Jones,LOU,CB,87,-0.1,USLC,-0.10344827586206896
Nathan Dossantos,CHS,FB,704,-0.1,USLC,-0.012784090909090912
Coleman Gannon,LV,ST,57,-0.11,USLC,-0.1736842105263158
Dominik Wanner,SAC,FB,584,-0.11,USLC,-0.016952054794520548
Luke Biasi,PIT,FB,690,-0.11,USLC,-0.014347826086956523
Jamie Webber,TUL,W,81,-0.11,USLC,-0.12222222222222222
Dariusz Formella,PHX,W,466,-0.11,USLC,-0.02124463519313305
Isaiah Foster,COS,W,51,-0.11,USLC,-0.1941176470588235
Manuel Arteaga,TBR,ST,742,-0.11,USLC,-0.013342318059299191
Mohamed Traore,PHX,CB,330,-0.11,USLC,-0.03
Hugo Mbongue,LEX,ST,47,-0.11,USLC,-0.21063829787234045
Vuk Latinovich,OC,CB,306,-0.12,USLC,-0.03529411764705882
Jackson Conway,CHS,FB,46,-0.12,USLC,-0.23478260869565215
Luis Felipe Fernandes,SAC,CM,716,-0.12,USLC,-0.015083798882681564
Ethan Zubak,OC,ST,548,-0.12,USLC,-0.01970802919708029
Forster Ajago,LEX,W,52,-0.12,USLC,-0.20769230769230768
Aaron Edwards,SAC,FB,103,-0.12,USLC,-0.10485436893203882
Marcos Serrato,TUL,CM,142,-0.12,USLC,-0.07605633802816901
Jacob Erlandson,LDN,CB,666,-0.12,USLC,-0.016216216216216217
Lucas Stauffer,TUL,FB,208,-0.13,USLC,-0.05625
Phanuel Kavita,BHM,CB,366,-0.13,USLC,-0.031967213114754096
Mohamed Omar,SA,CB,381,-0.13,USLC,-0.030708661417322834
Grayson Doody,OC,FB,486,-0.13,USLC,-0.024074074074074074
Vaughn Covil,LV,W,47,-0.13,USLC,-0.24893617021276596
Mark Segbers,CHS,DM,115,-0.14,USLC,-0.10956521739130436
Kai Greene,OAK,CB,1032,-0.14,USLC,-0.012209302325581397
Nico Gordon,MB,CB,984,-0.14,USLC,-0.01280487804878049
Daniel Barbir,LEX,CB,503,-0.14,USLC,-0.02504970178926442
Nathan Worth,TBR,CM,188,-0.15,USLC,-0.07180851063829786
Oliver Brynéus,IND,W,219,-0.15,USLC,-0.06164383561643836
Benjamin Ofeimu,IND,CB,524,-0.15,USLC,-0.025763358778625955
Mouhamadou War,OC,ST,222,-0.15,USLC,-0.06081081081081081
Braxton Montgomery,PHX,FB,667,-0.16,USLC,-0.02158920539730135
Santiago Suárez,BHM,FB,341,-0.16,USLC,-0.04222873900293255
Pedro Guimaraes,OC,FB,361,-0.16,USLC,-0.03988919667590028
Jack Beer,LEX,AM,209,-0.16,USLC,-0.06889952153110047
Steven Echeverria,COS,CM,159,-0.16,USLC,-0.09056603773584905
Jaylin Lindsey,NM,FB,750,-0.16,USLC,-0.0192
Adam Luckhurst,NC,ST,184,-0.16,USLC,-0.0782608695652174
Dieng Mamadou,HFD,ST,729,-0.16,USLC,-0.019753086419753086
Kyle Adams,LOU,CB,893,-0.16,USLC,-0.01612541993281075
Ryan Spaulding,SAC,FB,211,-0.17,USLC,-0.07251184834123224
Ashish Chattha,LV,CM,75,-0.17,USLC,-0.20400000000000001
Ali Elmasnaouy,OAK,ST,107,-0.17,USLC,-0.1429906542056075
Ethan Bryant,MB,CM,386,-0.17,USLC,-0.039637305699481866
Bertin Jacquesson,PIT,W,148,-0.18,USLC,-0.10945945945945945
Julian Bravo,OAK,CB,533,-0.18,USLC,-0.030393996247654785
Rhys Williams,DET,FB,715,-0.18,USLC,-0.022657342657342656
Hayden White,IND,FB,283,-0.18,USLC,-0.057243816254416956
Akeem Ward,COS,FB,594,-0.19,USLC,-0.028787878787878786
Jordan Scarlett,HFD,CB,808,-0.19,USLC,-0.02116336633663366
Emmanuel Johnson,OAK,ST,320,-0.19,USLC,-0.0534375
Jared Trimmer,SAC,CB,516,-0.19,USLC,-0.033139534883720935
Ollie Bassett,TBR,W,873,-0.2,USLC,-0.020618556701030927
Sebastián Blanco,MIA,W,358,-0.21,USLC,-0.052793296089385475
Grant Robinson,MB,FB,434,-0.21,USLC,-0.043548387096774194
Abdi Mohamed,OAK,FB,464,-0.21,USLC,-0.04073275862068965
Nicolás Cardona,MIA,FB,321,-0.22,USLC,-0.06168224299065421
Ezekiel Soto,CHS,W,26,-0.22,USLC,-0.7615384615384615
Roman Torres,BHM,CM,467,-0.23,USLC,-0.04432548179871521
Jorge Garcia,PIT,CM,207,-0.23,USLC,-0.1
Tristan Trager,OC,ST,141,-0.23,USLC,-0.14680851063829786
McKinze Gaines,NM,W,386,-0.23,USLC,-0.053626943005181345
Daniel Trejo,BHM,W,472,-0.23,USLC,-0.04385593220338983
Faysal Bettache,TUL,W,111,-0.23,USLC,-0.1864864864864865
Ricardo Rivera,MIA,ST,160,-0.24,USLC,-0.135
Cameron MacPherson,TBR,CM,584,-0.24,USLC,-0.036986301369863014
Frank Daroma,ELP,CM,899,-0.24,USLC,-0.024026696329254728
Daniel Bruce,NM,CM,166,-0.24,USLC,-0.13012048192771083
Logan Neidlinger,IND,FB,74,-0.24,USLC,-0.29189189189189185
Luke Ivanovic,MB,W,401,-0.24,USLC,-0.053865336658354114
Sebastian Tregarthen,BHM,W,266,-0.25,USLC,-0.08458646616541353
Marc Ybarra,RI,CM,299,-0.25,USLC,-0.07525083612040134
Arturo Ordoñez,LOU,CB,806,-0.25,USLC,-0.02791563275434243
Joey Akpunonu,CHS,CB,514,-0.26,USLC,-0.04552529182879377
Luke Haakenson,SA,W,520,-0.26,USLC,-0.045
Keegan Tingey,LDN,FB,966,-0.26,USLC,-0.024223602484472053
Kendall Burks,LEX,CB,1002,-0.27,USLC,-0.024251497005988023
Benjamin Barjolo,OC,W,150,-0.27,USLC,-0.162
Jack Singer,LV,CB,407,-0.27,USLC,-0.0597051597051597
Sam Gleadle,LOU,ST,151,-0.28,USLC,-0.16688741721854305
Shawn Smart,LV,FB,404,-0.28,USLC,-0.06237623762376238
Duke Lacroix,COS,FB,830,-0.28,USLC,-0.030361445783132532
Valentin Noël,LV,CM,867,-0.28,USLC,-0.02906574394463668
Rece Buckmaster,SA,FB,453,-0.29,USLC,-0.0576158940397351
Sebastian Anderson,HFD,FB,808,-0.29,USLC,-0.0323019801980198
Luther Archimede,MB,ST,90,-0.29,USLC,-0.29
Ray Serrano,LOU,W,726,-0.29,USLC,-0.03595041322314049
Wesley Fonguck,MB,DM,888,-0.29,USLC,-0.02939189189189189
Lucio Berrón,SA,DM,286,-0.3,USLC,-0.0944055944055944
Cameron Lancaster,LEX,ST,235,-0.3,USLC,-0.1148936170212766
Jamison Ping,PHX,CM,225,-0.3,USLC,-0.12
Kofi Twumasi,ELP,CB,329,-0.3,USLC,-0.08206686930091185
Robbie Mertz,PIT,W,740,-0.3,USLC,-0.03648648648648648
Leland Archer,CHS,CB,600,-0.3,USLC,-0.045
Jack Panayotou,HFD,W,98,-0.3,USLC,-0.2755102040816326
Sergio Rivas,NM,AM,271,-0.31,USLC,-0.10295202952029521
Evan Conway,NC,ST,671,-0.31,USLC,-0.04157973174366617
Romario Williams,IND,ST,107,-0.31,USLC,-0.2607476635514019
Noble Okello,PHX,CM,888,-0.31,USLC,-0.03141891891891892
Miles Lyons,MB,FB,536,-0.31,USLC,-0.052052238805970145
Speedy Williams,LEX,DM,872,-0.31,USLC,-0.031995412844036696
Levonte Johnson,COS,W,217,-0.31,USLC,-0.12857142857142856
Johnny Rodriguez,LV,ST,810,-0.32,USLC,-0.035555555555555556
Cole Turner,LDN,CB,125,-0.32,USLC,-0.23040000000000002
Harvey St. Clair,TUL,FB,687,-0.32,USLC,-0.04192139737991266
Marlon Vargas,NM,ST,670,-0.34,USLC,-0.04567164179104478
Brandon Brant,MIA,FB,249,-0.34,USLC,-0.12289156626506026
Jason Bouregy,PIT,W,312,-0.34,USLC,-0.09807692307692309
Rafael Mentzingen,NC,FB,1007,-0.34,USLC,-0.03038728897715988
Beverly Makangila,HFD,DM,514,-0.35,USLC,-0.061284046692607
Josh O'brien,IND,FB,194,-0.35,USLC,-0.16237113402061853
Al Hassan Toure,TUL,ST,171,-0.35,USLC,-0.18421052631578944
Jürgen Damm,OAK,FB,349,-0.35,USLC,-0.09025787965616044
Taimu Okiyoshi,RI,CM,272,-0.35,USLC,-0.11580882352941177
Blake Willey,SAC,CM,558,-0.35,USLC,-0.056451612903225805
Douglas Martínez,CHS,W,270,-0.36,USLC,-0.12
Jearl Margaritha,PHX,W,450,-0.36,USLC,-0.072
Pierce Gallaway,MB,DM,352,-0.37,USLC,-0.09460227272727273
Brunallergene Etou,PIT,FB,599,-0.37,USLC,-0.055592654424040065
Eric Calvillo,ELP,CM,708,-0.38,USLC,-0.04830508474576271
Ramiz Hamouda,BHM,CB,722,-0.38,USLC,-0.04736842105263158
Sebastián Guenzatti,DET,CM,195,-0.38,USLC,-0.1753846153846154
Yosuke Hanya,COS,W,694,-0.38,USLC,-0.04927953890489913
Nate Jones,LV,CB,322,-0.39,USLC,-0.10900621118012424
Neveal Hackshaw,OAK,CB,920,-0.39,USLC,-0.03815217391304348
Yanis Leerman,LDN,CB,671,-0.39,USLC,-0.05230998509687034
Ben Morris,DET,ST,631,-0.4,USLC,-0.05705229793977813
Raheem Sommersall,NC,CM,620,-0.4,USLC,-0.05806451612903226
Abdoulaye Cissoko,TUL,CB,685,-0.4,USLC,-0.05255474452554745
Roberto Avila,ELP,ST,700,-0.4,USLC,-0.051428571428571435
Gennaro Michael Nigro,LV,FB,823,-0.41,USLC,-0.04483596597812879
Alex Greive,SA,ST,359,-0.41,USLC,-0.10278551532033425
Collin Martin,NC,CM,400,-0.41,USLC,-0.09224999999999998
Conor Donovan,NC,CB,540,-0.42,USLC,-0.06999999999999999
Aldair Sanchez,RI,FB,729,-0.42,USLC,-0.05185185185185186
Amadou Dia,LOU,FB,478,-0.42,USLC,-0.0790794979079498
Darren Smith,DET,ST,772,-0.42,USLC,-0.04896373056994818
Giordano Colli,TUL,CM,832,-0.43,USLC,-0.04651442307692307
Amos Shapiro-Thompson,RI,W,399,-0.43,USLC,-0.09699248120300752
Junior Moreira,HFD,DM,337,-0.43,USLC,-0.11483679525222552
Grant Stoneman,RI,CB,690,-0.44,USLC,-0.05739130434782609
Diogo Pacheco,SA,W,482,-0.44,USLC,-0.08215767634854772
Lucas Melano,MIA,W,547,-0.45,USLC,-0.0740402193784278
Finn Sundstrom,NC,CB,745,-0.45,USLC,-0.05436241610738256
Deian Veron,MIA,CM,336,-0.46,USLC,-0.12321428571428572
Ronaldo Damus,BHM,ST,853,-0.46,USLC,-0.048534583821805394
Bradley Sample,PIT,DM,370,-0.46,USLC,-0.11189189189189189
Jonathan Jimenez,HFD,AM,332,-0.46,USLC,-0.1246987951807229
Patrick Leal,LV,CM,473,-0.48,USLC,-0.09133192389006342
Juan Osorio,SA,FB,252,-0.48,USLC,-0.17142857142857143
Alex Crognale,SA,CB,1025,-0.49,USLC,-0.04302439024390244
Maximiliano Rodríguez,RI,AM,784,-0.49,USLC,-0.05625
Karifa Yao,RI,CB,502,-0.5,USLC,-0.08964143426294821
Zico Bailey,NM,DM,592,-0.5,USLC,-0.07601351351351351
Daniel Crisostomo,TBR,CM,714,-0.5,USLC,-0.06302521008403361
Joel Garcia,MB,FB,894,-0.51,USLC,-0.05134228187919464
Cory Burke,LEX,ST,578,-0.51,USLC,-0.07941176470588236
Carl Sainté,PHX,DM,651,-0.51,USLC,-0.07050691244239632
Casey Walls,PHX,CB,117,-0.51,USLC,-0.3923076923076923
Younes Boudadi,LV,FB,282,-0.51,USLC,-0.16276595744680852
Greg Hurst,NM,ST,471,-0.51,USLC,-0.09745222929936306
Dominick Hernandez,SA,CM,689,-0.51,USLC,-0.06661828737300436
Adewale Obalola,HFD,ST,365,-0.51,USLC,-0.12575342465753425
Nick Firmino,LEX,W,855,-0.51,USLC,-0.05368421052631579
Ethan Kos,BHM,CB,223,-0.51,USLC,-0.20582959641255608
Aedan Stanley,IND,FB,754,-0.52,USLC,-0.062068965517241385
Zachary Herivaux,RI,CM,513,-0.52,USLC,-0.09122807017543859
Stefan Stojanovic,TUL,W,442,-0.52,USLC,-0.10588235294117648
Adam Larsson,MB,ST,324,-0.53,USLC,-0.14722222222222223
Wahab Ackwei,ELP,CB,790,-0.53,USLC,-0.06037974683544304
Jackson Walti,PIT,DM,899,-0.54,USLC,-0.05406006674082314
Shane Wiedt,DET,CB,618,-0.54,USLC,-0.07864077669902912
Dawson McCartney,BHM,FB,650,-0.54,USLC,-0.07476923076923078
Mobi Fehr,MB,AM,302,-0.55,USLC,-0.16390728476821192
Connor Rutz,DET,ST,489,-0.55,USLC,-0.10122699386503069
Ahmad Al-Qaq,NC,W,289,-0.55,USLC,-0.171280276816609
Matt Real,COS,FB,756,-0.55,USLC,-0.06547619047619048
Patrick Hogan,IND,CB,687,-0.56,USLC,-0.07336244541484717
Cristian Vázquez,MIA,W,434,-0.56,USLC,-0.11612903225806454
Thomas Vancaeyezeele,TBR,CM,413,-0.56,USLC,-0.12203389830508475
Edward Kizza,IND,ST,530,-0.57,USLC,-0.09679245283018867
Daniel Gómez,OAK,CM,663,-0.58,USLC,-0.07873303167420814
Marlon Hairston,HFD,DM,476,-0.58,USLC,-0.10966386554621847
Adrian Diz Pe,HFD,CB,318,-0.58,USLC,-0.1641509433962264
Guillermo Diaz,ELP,FB,715,-0.59,USLC,-0.07426573426573425
Nelson Blanco,SA,FB,499,-0.59,USLC,-0.1064128256513026
Bryan Romero,ELP,CB,457,-0.59,USLC,-0.1161925601750547
Will Seymore,NM,FB,729,-0.59,USLC,-0.0728395061728395
Ilya Alekseev,OAK,FB,266,-0.59,USLC,-0.19962406015037593
Laurence Wyke,TBR,CB,697,-0.6,USLC,-0.07747489239598278
Thomas Presthus,HFD,CB,405,-0.6,USLC,-0.13333333333333333
Michelle Benítez,SAC,FB,918,-0.6,USLC,-0.058823529411764705
Jojea Kwizera,RI,FB,601,-0.61,USLC,-0.0913477537437604
Jacob Greene,LEX,FB,267,-0.61,USLC,-0.20561797752808988
Harvey Neville,PHX,FB,364,-0.61,USLC,-0.15082417582417582
Justin Dhillon,COS,ST,594,-0.62,USLC,-0.09393939393939395
Emilio Ycaza,CHS,AM,440,-0.62,USLC,-0.12681818181818183
Jaden Servania,NC,FB,757,-0.64,USLC,-0.07608982826948481
Samuel McIllhatton,BHM,DM,259,-0.64,USLC,-0.2223938223938224
Kwame Awuah,LDN,FB,920,-0.65,USLC,-0.06358695652173914
Samuel Careaga,HFD,CM,374,-0.67,USLC,-0.16122994652406417
Almir de Jesús Soto,SA,DM,885,-0.68,USLC,-0.06915254237288136
Aidan O'Toole,PIT,W,311,-0.68,USLC,-0.19678456591639873
Joe Gyau,LV,W,616,-0.69,USLC,-0.1008116883116883
Abdul Illal Osumanu,PIT,CB,493,-0.72,USLC,-0.13144016227180527
Zach Ryan,LDN,ST,628,-0.73,USLC,-0.10461783439490446
Ousman Jabang,NM,CM,519,-0.73,USLC,-0.12658959537572254
Jordan Adebayo-Smith,DET,ST,231,-0.74,USLC,-0.2883116883116883
Christopher Pearson,LV,CM,422,-0.74,USLC,-0.15781990521327013
Sean Totsch,LOU,CB,893,-0.74,USLC,-0.07458006718924973
Matías Romero,MIA,CM,779,-0.76,USLC,-0.08780487804878048
Enzo Martinez,BHM,CM,799,-0.76,USLC,-0.08560700876095119
Kevin Partida,OC,DM,580,-0.77,USLC,-0.11948275862068966
Kevon Lambert,LOU,CM,266,-0.77,USLC,-0.2605263157894737
Diego Mercado,MIA,CM,567,-0.77,USLC,-0.12222222222222222
Juan Tejada,COS,ST,448,-0.78,USLC,-0.15669642857142857
Florian Valot,LDN,ST,992,-0.78,USLC,-0.07076612903225807
Garven-Michee Metusala,COS,CB,749,-0.79,USLC,-0.09492656875834446
Rory O'Driscoll,LV,CM,277,-0.79,USLC,-0.2566787003610108
Baboucarr Njie,OAK,FB,597,-0.81,USLC,-0.1221105527638191
Mukwelle Akale,NM,W,777,-0.81,USLC,-0.09382239382239384
Aarón Guillén,TBR,CB,747,-0.82,USLC,-0.09879518072289156
Michee Ngalina,HFD,W,483,-0.82,USLC,-0.15279503105590062
Blake Bodily,TBR,FB,484,-0.83,USLC,-0.15433884297520659
Bryce Washington,NC,CB,715,-0.85,USLC,-0.106993006993007
Jeciel Cedeno,DET,AM,713,-0.89,USLC,-0.11234221598877982
Wolfgang Prentice,OAK,W,815,-0.92,USLC,-0.10159509202453988
Adrian Rebollar,MB,W,985,-0.97,USLC,-0.08862944162436548
Tyler Gibson,OAK,CM,805,-0.97,USLC,-0.1084472049689441
Christian Pinzon,LV,W,671,-0.98,USLC,-0.1314456035767511
Koa Santos,"OC, COS",FB,331,-0.99,USLC,-0.26918429003021144
Kieran Sargeant,LEX,FB,869,-1.03,USLC,-0.10667433831990795
Boubacar Diallo,TUL,CM,852,-1.05,USLC,-0.11091549295774648
Edison Azcona,LV,W,560,-1.08,USLC,-0.1735714285714286
Drew Skundrich,LDN,AM,625,-1.09,USLC,-0.15696000000000002
Ryan Williams,DET,CM,549,-1.2,USLC,-0.19672131147540983
Panos Armenakas,OAK,AM,639,-1.23,USLC,-0.1732394366197183
José Sinisterra,OAK,W,694,-1.26,USLC,-0.1634005763688761
Noah Fuson,RI,ST,793,-1.62,USLC,-0.18385876418663305
Augustine Williams,PIT,ST,784,-1.86,USLC,-0.21352040816326534
