player_name,market_value,League,Team
Maxime Crépeau,3500000.0,MLS,Portland Timbers
James Pantemis,400000.0,MLS,Portland Timbers
Trey Muse,200000.0,MLS,Portland Timbers
Kamal Miller,2800000.0,MLS,Portland Timbers
Dario Župarić,1000000.0,MLS,Portland Timbers
Zac McGraw,1000000.0,MLS,Portland Timbers
Miguel Araujo,700000.0,MLS,Portland Timbers
Finn Surman,500000.0,MLS,Portland Timbers
Ian Smith,350000.0,MLS,Portland Timbers
Claudio Bravo,1800000.0,MLS,Portland Timbers
Juan Mosquera,3000000.0,MLS,Portland Timbers
Eric Miller,400000.0,MLS,Portland Timbers
David Ayala,3000000.0,MLS,Portland Timbers
Joao Ortiz,1800000.0,MLS,Portland Timbers
Cristhian Paredes,2000000.0,MLS,Portland Timbers
Diego Chará,100000.0,MLS,Portland Timbers
Jimer Fory,1500000.0,MLS,Portland Timbers
David Da Costa,6000000.0,MLS,Portland Timbers
Antony,4000000.0,MLS,Portland Timbers
Ariel Lassiter,600000.0,MLS,Portland Timbers
Santiago Moreno,3500000.0,MLS,Portland Timbers
Omir Fernandez,2500000.0,MLS,Portland Timbers
Kevin Kelsy,4000000.0,MLS,Portland Timbers
Jonathan Rodríguez,3000000.0,MLS,Portland Timbers
Felipe Mora,2500000.0,MLS,Portland Timbers
Zack Steffen,2000000.0,MLS,Colorado Rapids
Adam Beaudry,200000.0,MLS,Colorado Rapids
Nicolas Hansen,0.0,MLS,Colorado Rapids
Chidozie Awaziem,2000000.0,MLS,Colorado Rapids
Ian Murphy,2000000.0,MLS,Colorado Rapids
Andreas Maxsø,1800000.0,MLS,Colorado Rapids
Sam Vines,1500000.0,MLS,Colorado Rapids
Jackson Travis,150000.0,MLS,Colorado Rapids
Reggie Cannon,1500000.0,MLS,Colorado Rapids
Keegan Rosenberry,1200000.0,MLS,Colorado Rapids
Josh Atencio,1500000.0,MLS,Colorado Rapids
Sam Bassett,50000.0,MLS,Colorado Rapids
Daouda Amadou,50000.0,MLS,Colorado Rapids
Connor Ronan,1500000.0,MLS,Colorado Rapids
Oliver Larraz,800000.0,MLS,Colorado Rapids
Ali Fadal,100000.0,MLS,Colorado Rapids
Wayne Frederick,75000.0,MLS,Colorado Rapids
Djordje Mihailovic,4000000.0,MLS,Colorado Rapids
Cole Bassett,3500000.0,MLS,Colorado Rapids
Theodore Ku-DiPietro,2500000.0,MLS,Colorado Rapids
Kévin Cabral,1500000.0,MLS,Colorado Rapids
Kimani Stewart-Baynes,200000.0,MLS,Colorado Rapids
Calvin Harris,600000.0,MLS,Colorado Rapids
Alex Harris,50000.0,MLS,Colorado Rapids
Rafael Navarro,5000000.0,MLS,Colorado Rapids
Darren Yapi,1500000.0,MLS,Colorado Rapids
Matt Freese,600000.0,MLS,New York City Fc
Tomás Romero,150000.0,MLS,New York City Fc
Greg Ranjitsingh,100000.0,MLS,New York City Fc
Alex Rando,75000.0,MLS,New York City Fc
Thiago Martins,2500000.0,MLS,New York City Fc
Birk Risa,1500000.0,MLS,New York City Fc
Strahinja Tanasijević,500000.0,MLS,New York City Fc
Max Murray,0.0,MLS,New York City Fc
Prince Amponsah,0.0,MLS,New York City Fc
Kevin O'Toole,850000.0,MLS,New York City Fc
Nico Cavallo,100000.0,MLS,New York City Fc
Tayvon Gray,2000000.0,MLS,New York City Fc
Mitja Ilenič,1800000.0,MLS,New York City Fc
Drew Baiera,75000.0,MLS,New York City Fc
Keaton Parks,3500000.0,MLS,New York City Fc
Aiden O'Neill,3000000.0,MLS,New York City Fc
Andrés Perea,2000000.0,MLS,New York City Fc
Justin Haak,1200000.0,MLS,New York City Fc
Máximo Carrizo,150000.0,MLS,New York City Fc
Jonathan Shore,75000.0,MLS,New York City Fc
Jacob Arroyave,0.0,MLS,New York City Fc
Maxi Moralez,100000.0,MLS,New York City Fc
Agustín Ojeda,5000000.0,MLS,New York City Fc
Malachi Jones,300000.0,MLS,New York City Fc
Julián Fernández,4500000.0,MLS,New York City Fc
Hannes Wolf,3500000.0,MLS,New York City Fc
Alonso Martínez,5000000.0,MLS,New York City Fc
Monsef Bakrar,800000.0,MLS,New York City Fc
Zidane Yañez,0.0,MLS,New York City Fc
Yohei Takaoka,3000000.0,MLS,Vancouver Whitecaps Fc
Isaac Boehmer,300000.0,MLS,Vancouver Whitecaps Fc
Adrián Zendejas,200000.0,MLS,Vancouver Whitecaps Fc
Ranko Veselinović,2000000.0,MLS,Vancouver Whitecaps Fc
Tristan Blackmon,2000000.0,MLS,Vancouver Whitecaps Fc
Mathías Laborda,1500000.0,MLS,Vancouver Whitecaps Fc
Bjørn Inge Utvik,800000.0,MLS,Vancouver Whitecaps Fc
Belal Halbouni,150000.0,MLS,Vancouver Whitecaps Fc
Sam Adekugbe,1000000.0,MLS,Vancouver Whitecaps Fc
Tate Johnson,400000.0,MLS,Vancouver Whitecaps Fc
Édier Ocampo,1800000.0,MLS,Vancouver Whitecaps Fc
Giuseppe Bovalina,150000.0,MLS,Vancouver Whitecaps Fc
Andrés Cubas,4000000.0,MLS,Vancouver Whitecaps Fc
Ralph Priso,500000.0,MLS,Vancouver Whitecaps Fc
J.C. Ngando,350000.0,MLS,Vancouver Whitecaps Fc
Pedro Vite,5000000.0,MLS,Vancouver Whitecaps Fc
Sebastian Berhalter,1000000.0,MLS,Vancouver Whitecaps Fc
Damir Kreilach,200000.0,MLS,Vancouver Whitecaps Fc
Jeevan Badwal,200000.0,MLS,Vancouver Whitecaps Fc
Ali Ahmed,3000000.0,MLS,Vancouver Whitecaps Fc
Ryan Gauld,7000000.0,MLS,Vancouver Whitecaps Fc
Jayden Nelson,2000000.0,MLS,Vancouver Whitecaps Fc
Emmanuel Sabbi,1800000.0,MLS,Vancouver Whitecaps Fc
Brian White,4500000.0,MLS,Vancouver Whitecaps Fc
Daniel Ríos,800000.0,MLS,Vancouver Whitecaps Fc
Drake Callender,2500000.0,MLS,Inter Miami Cf
Rocco Ríos Novo,400000.0,MLS,Inter Miami Cf
Óscar Ustari,100000.0,MLS,Inter Miami Cf
Tomás Avilés,6000000.0,MLS,Inter Miami Cf
David Martínez,1500000.0,MLS,Inter Miami Cf
Maximiliano Falcón,1500000.0,MLS,Inter Miami Cf
Ian Fray,500000.0,MLS,Inter Miami Cf
Ryan Sailor,200000.0,MLS,Inter Miami Cf
Tyler Hall,100000.0,MLS,Inter Miami Cf
Jordi Alba,1800000.0,MLS,Inter Miami Cf
Noah Allen,1000000.0,MLS,Inter Miami Cf
Gonzalo Luján,2000000.0,MLS,Inter Miami Cf
Marcelo Weigandt,2000000.0,MLS,Inter Miami Cf
Israel Boatwright,75000.0,MLS,Inter Miami Cf
Federico Redondo,6500000.0,MLS,Inter Miami Cf
David Ruíz,2500000.0,MLS,Inter Miami Cf
Sergio Busquets,1500000.0,MLS,Inter Miami Cf
Yannick Bright,1000000.0,MLS,Inter Miami Cf
Benja Cremaschi,5000000.0,MLS,Inter Miami Cf
Telasco Segovia,2500000.0,MLS,Inter Miami Cf
Santiago Morales,75000.0,MLS,Inter Miami Cf
Baltasar Rodríguez,4500000.0,MLS,Inter Miami Cf
Fafà Picault,500000.0,MLS,Inter Miami Cf
Leo Afonso,400000.0,MLS,Inter Miami Cf
Lionel Messi,20000000.0,MLS,Inter Miami Cf
Tadeo Allende,2000000.0,MLS,Inter Miami Cf
Luis Suárez,2000000.0,MLS,Inter Miami Cf
Allen Obando,1000000.0,MLS,Inter Miami Cf
Josh Cohen,300000.0,MLS,Atlanta United Fc
Brad Guzan,100000.0,MLS,Atlanta United Fc
Jayden Hibbert,0.0,MLS,Atlanta United Fc
Stian Gregersen,2000000.0,MLS,Atlanta United Fc
Luis Abram,2000000.0,MLS,Atlanta United Fc
Noah Cobb,1200000.0,MLS,Atlanta United Fc
Derrick Williams,400000.0,MLS,Atlanta United Fc
Efraín Morales,150000.0,MLS,Atlanta United Fc
Pedro Amador,850000.0,MLS,Atlanta United Fc
Dominik Chong Qui,100000.0,MLS,Atlanta United Fc
Brooks Lennon,2500000.0,MLS,Atlanta United Fc
Ronald Hernández,350000.0,MLS,Atlanta United Fc
Matthew Edwards,300000.0,MLS,Atlanta United Fc
Bartosz Slisz,5000000.0,MLS,Atlanta United Fc
Tristan Muyumba,1200000.0,MLS,Atlanta United Fc
Adyn Torres,100000.0,MLS,Atlanta United Fc
Ajani Fortune,1500000.0,MLS,Atlanta United Fc
Mateusz Klich,800000.0,MLS,Atlanta United Fc
Will Reilly,75000.0,MLS,Atlanta United Fc
Luke Brennan,150000.0,MLS,Atlanta United Fc
Aleksey Miranchuk,10000000.0,MLS,Atlanta United Fc
Saba Lobjanidze,4000000.0,MLS,Atlanta United Fc
Edwin Mosquera,400000.0,MLS,Atlanta United Fc
Miguel Almirón,12000000.0,MLS,Atlanta United Fc
Ashton Gordon,0.0,MLS,Atlanta United Fc
Emmanuel Latte Lath,18000000.0,MLS,Atlanta United Fc
Jamal Thiaré,500000.0,MLS,Atlanta United Fc
Cayman Togashi,350000.0,MLS,Atlanta United Fc
Rafael Cabral,300000.0,MLS,Real Salt Lake City
Zac MacMath,200000.0,MLS,Real Salt Lake City
Mason Stajduhar,175000.0,MLS,Real Salt Lake City
Max Kerkvliet,0.0,MLS,Real Salt Lake City
Justen Glad,3000000.0,MLS,Real Salt Lake City
Brayan Vera,1500000.0,MLS,Real Salt Lake City
Philip Quinton,600000.0,MLS,Real Salt Lake City
Kobi Henry,100000.0,MLS,Real Salt Lake City
Zack Farnsworth,100000.0,MLS,Real Salt Lake City
Alexandros Katranis,1000000.0,MLS,Real Salt Lake City
Sam Junqua,650000.0,MLS,Real Salt Lake City
Tommy Silva,75000.0,MLS,Real Salt Lake City
Luis Rivera,50000.0,MLS,Real Salt Lake City
Bode Hidalgo,1500000.0,MLS,Real Salt Lake City
Javain Brown,1000000.0,MLS,Real Salt Lake City
Gio Villa,0.0,MLS,Real Salt Lake City
Emeka Eneli,1500000.0,MLS,Real Salt Lake City
Braian Ojeda,4000000.0,MLS,Real Salt Lake City
Pablo Ruiz,1500000.0,MLS,Real Salt Lake City
Nelson Palacio,1200000.0,MLS,Real Salt Lake City
Noel Caliskan,150000.0,MLS,Real Salt Lake City
Jude Wellings,0.0,MLS,Real Salt Lake City
Luca Moisa,0.0,MLS,Real Salt Lake City
Diego Luna,8000000.0,MLS,Real Salt Lake City
Diogo Gonçalves,3500000.0,MLS,Real Salt Lake City
Owen Anderson,0.0,MLS,Real Salt Lake City
Matthew Bell,75000.0,MLS,Real Salt Lake City
Dominik Marczuk,2000000.0,MLS,Real Salt Lake City
Tyler Wolff,800000.0,MLS,Real Salt Lake City
Johnny Russell,500000.0,MLS,Real Salt Lake City
Lachlan Brook,350000.0,MLS,Real Salt Lake City
Zavier Gozo,75000.0,MLS,Real Salt Lake City
Aiden Hezarkhani,0.0,MLS,Real Salt Lake City
Omar Marquez,0.0,MLS,Real Salt Lake City
Willy Agada,2000000.0,MLS,Real Salt Lake City
Ariath Piol,500000.0,MLS,Real Salt Lake City
Axel Kei,150000.0,MLS,Real Salt Lake City
Jesus Barea,0.0,MLS,Real Salt Lake City
Carlos Coronel,1500000.0,MLS,New York Red Bulls
AJ Marcucci,250000.0,MLS,New York Red Bulls
Aidan Stokes,25000.0,MLS,New York Red Bulls
Sean Nealis,2500000.0,MLS,New York Red Bulls
Noah Eile,1800000.0,MLS,New York Red Bulls
Alexander Hack,1200000.0,MLS,New York Red Bulls
Tim Parker,600000.0,MLS,New York Red Bulls
Davi Alexandre,50000.0,MLS,New York Red Bulls
Marcelo Morales,2200000.0,MLS,New York Red Bulls
Omar Valencia,800000.0,MLS,New York Red Bulls
Raheem Edwards,800000.0,MLS,New York Red Bulls
Curtis Ofori,150000.0,MLS,New York Red Bulls
Dylan Nealis,1800000.0,MLS,New York Red Bulls
Kyle Duncan,1200000.0,MLS,New York Red Bulls
Daniel Edelman,2000000.0,MLS,New York Red Bulls
Aiden Jarvis,0.0,MLS,New York Red Bulls
Felipe Carballo,4500000.0,MLS,New York Red Bulls
Peter Stroud,400000.0,MLS,New York Red Bulls
Ronald Donkor,300000.0,MLS,New York Red Bulls
Adri Mehmeti,0.0,MLS,New York Red Bulls
Wikelman Carmona,850000.0,MLS,New York Red Bulls
Lewis Morgan,5000000.0,MLS,New York Red Bulls
Emil Forsberg,3500000.0,MLS,New York Red Bulls
Mohammed Sofo,500000.0,MLS,New York Red Bulls
Dennis Gjengaar,1500000.0,MLS,New York Red Bulls
Cameron Harper,750000.0,MLS,New York Red Bulls
Serge Ngoma Jr.,500000.0,MLS,New York Red Bulls
Wiktor Bogacz,2000000.0,MLS,New York Red Bulls
Eric-Maxim Choupo-Moting,1500000.0,MLS,New York Red Bulls
Julian Hall,1000000.0,MLS,New York Red Bulls
Roald Mitchell,75000.0,MLS,New York Red Bulls
Tanner Rosborough,0.0,MLS,New York Red Bulls
Kristijan Kahlina,2000000.0,MLS,Charlotte Fc
George Marks,125000.0,MLS,Charlotte Fc
David Bingham,100000.0,MLS,Charlotte Fc
Chituru Odunze,100000.0,MLS,Charlotte Fc
Nick Holliday,0.0,MLS,Charlotte Fc
Adilson Malanda,3500000.0,MLS,Charlotte Fc
Andrew Privett,1000000.0,MLS,Charlotte Fc
Bill Tuiloma,500000.0,MLS,Charlotte Fc
Tim Ream,400000.0,MLS,Charlotte Fc
Jack Neeley,50000.0,MLS,Charlotte Fc
Souleyman Doumbia,1000000.0,MLS,Charlotte Fc
Jahlane Forbes,75000.0,MLS,Charlotte Fc
Mikah Thomas,0.0,MLS,Charlotte Fc
Jahkeele Marshall-Rutty,1500000.0,MLS,Charlotte Fc
Nathan Byrne,1000000.0,MLS,Charlotte Fc
Nick Scardina,150000.0,MLS,Charlotte Fc
Nikola Petković,2500000.0,MLS,Charlotte Fc
Djibril Diani,600000.0,MLS,Charlotte Fc
Ashley Westwood,500000.0,MLS,Charlotte Fc
Brandt Bronico,1500000.0,MLS,Charlotte Fc
Eryk Williamson,1200000.0,MLS,Charlotte Fc
Pep Biel,3000000.0,MLS,Charlotte Fc
Wilfried Zaha,6000000.0,MLS,Charlotte Fc
Kerwin Vargas,2500000.0,MLS,Charlotte Fc
Iuri Tavares,1000000.0,MLS,Charlotte Fc
Nimfasha Berchimas,500000.0,MLS,Charlotte Fc
Tyger Smalls,200000.0,MLS,Charlotte Fc
Liel Abada,7000000.0,MLS,Charlotte Fc
Brandon Cambridge,200000.0,MLS,Charlotte Fc
Brian Romero,150000.0,MLS,Charlotte Fc
Patrick Agyemang,4000000.0,MLS,Charlotte Fc
Idan Toklomati,2500000.0,MLS,Charlotte Fc
Andre Blake,800000.0,MLS,Philadelphia Union
Oliver Semmle,250000.0,MLS,Philadelphia Union
Andrew Rick,150000.0,MLS,Philadelphia Union
Jakob Glesnes,3500000.0,MLS,Philadelphia Union
Ian Glavinovich,2000000.0,MLS,Philadelphia Union
Olwethu Makhanya,400000.0,MLS,Philadelphia Union
Neil Pierre,0.0,MLS,Philadelphia Union
Kai Wagner,5000000.0,MLS,Philadelphia Union
Isaiah LeFlore,25000.0,MLS,Philadelphia Union
Nathan Harriel,1200000.0,MLS,Philadelphia Union
Olivier Mbaizo,800000.0,MLS,Philadelphia Union
Frankie Westfield,350000.0,MLS,Philadelphia Union
Danley Jean Jacques,1800000.0,MLS,Philadelphia Union
Jesús Bueno,400000.0,MLS,Philadelphia Union
Nick Pariano,50000.0,MLS,Philadelphia Union
Quinn Sullivan,4500000.0,MLS,Philadelphia Union
Jovan Lukić,600000.0,MLS,Philadelphia Union
Ben Bender,400000.0,MLS,Philadelphia Union
Alejandro Bedoya,100000.0,MLS,Philadelphia Union
David Vazquez,75000.0,MLS,Philadelphia Union
CJ Olney Jr.,150000.0,MLS,Philadelphia Union
Jeremy Rafanello,175000.0,MLS,Philadelphia Union
Cavan Sullivan,0.0,MLS,Philadelphia Union
Indiana Vassilev,2000000.0,MLS,Philadelphia Union
Mikael Uhre,3500000.0,MLS,Philadelphia Union
Tai Baribo,3000000.0,MLS,Philadelphia Union
Bruno Damiani,2500000.0,MLS,Philadelphia Union
Chris Donovan,500000.0,MLS,Philadelphia Union
Markus Anderson,200000.0,MLS,Philadelphia Union
Sal Olivas,0.0,MLS,Philadelphia Union
Eddy Davis III,0.0,MLS,Philadelphia Union
Hugo Lloris,1000000.0,MLS,Los Angeles Fc
Thomas Hasal,200000.0,MLS,Los Angeles Fc
David Ochoa,150000.0,MLS,Los Angeles Fc
Marlon,3500000.0,MLS,Los Angeles Fc
Aaron Long,2000000.0,MLS,Los Angeles Fc
Nkosi Tafari,1800000.0,MLS,Los Angeles Fc
Eddie Segura,1200000.0,MLS,Los Angeles Fc
Maxime Chanot,300000.0,MLS,Los Angeles Fc
Lorenzo Dellavalle,150000.0,MLS,Los Angeles Fc
Kenny Nielsen,0.0,MLS,Los Angeles Fc
Artem Smolyakov,1800000.0,MLS,Los Angeles Fc
Ryan Hollingshead,1000000.0,MLS,Los Angeles Fc
Sergi Palencia,2500000.0,MLS,Los Angeles Fc
Igor Jesus,3500000.0,MLS,Los Angeles Fc
Adam Saldaña,200000.0,MLS,Los Angeles Fc
Timothy Tillman,2500000.0,MLS,Los Angeles Fc
Frankie Amaya,2500000.0,MLS,Los Angeles Fc
Mark Delgado,2000000.0,MLS,Los Angeles Fc
Odin Holm,2000000.0,MLS,Los Angeles Fc
Jude Terry,0.0,MLS,Los Angeles Fc
Ryan Raposo,1200000.0,MLS,Los Angeles Fc
Denis Bouanga,8000000.0,MLS,Los Angeles Fc
Cengiz Ünder,7500000.0,MLS,Los Angeles Fc
David Martínez,3000000.0,MLS,Los Angeles Fc
Yaw Yeboah,1500000.0,MLS,Los Angeles Fc
Adrian Wibowo,100000.0,MLS,Los Angeles Fc
Jeremy Ebobisse,2000000.0,MLS,Los Angeles Fc
Olivier Giroud,1800000.0,MLS,Los Angeles Fc
Nathan Ordaz,800000.0,MLS,Los Angeles Fc
Daniel,800000.0,MLS,San Jose Earthquakes
Earl Edwards Jr.,125000.0,MLS,San Jose Earthquakes
Francesco Montali,0.0,MLS,San Jose Earthquakes
Dave Romney,1000000.0,MLS,San Jose Earthquakes
Rodrigues,1000000.0,MLS,San Jose Earthquakes
Bruno Wilson,800000.0,MLS,San Jose Earthquakes
Daniel Munie,300000.0,MLS,San Jose Earthquakes
Reid Roberts,0.0,MLS,San Jose Earthquakes
Max Floriani,0.0,MLS,San Jose Earthquakes
DeJuan Jones,3500000.0,MLS,San Jose Earthquakes
Vítor Costa,450000.0,MLS,San Jose Earthquakes
Jamar Ricketts,50000.0,MLS,San Jose Earthquakes
Nick Lima,1200000.0,MLS,San Jose Earthquakes
Paul Marie,1000000.0,MLS,San Jose Earthquakes
Wilson Eisner,0.0,MLS,San Jose Earthquakes
Nick Fernandez,0.0,MLS,San Jose Earthquakes
Edwyn Mendoza,0.0,MLS,San Jose Earthquakes
Noel Buck,2000000.0,MLS,San Jose Earthquakes
Niko Tsakiris,1500000.0,MLS,San Jose Earthquakes
Mark-Anthony Kaye,1200000.0,MLS,San Jose Earthquakes
Ian Harkes,800000.0,MLS,San Jose Earthquakes
Jack Skahan,450000.0,MLS,San Jose Earthquakes
Beau Leroux,400000.0,MLS,San Jose Earthquakes
Cruz Medina,350000.0,MLS,San Jose Earthquakes
Kaedren Spivey,0.0,MLS,San Jose Earthquakes
Hernán López,5000000.0,MLS,San Jose Earthquakes
Benji Kikanović,1000000.0,MLS,San Jose Earthquakes
Amahl Pellegrino,400000.0,MLS,San Jose Earthquakes
Cristian Espinoza,5000000.0,MLS,San Jose Earthquakes
Cristian Arango,7500000.0,MLS,San Jose Earthquakes
Josef Martínez,2000000.0,MLS,San Jose Earthquakes
Ousseni Bouda,800000.0,MLS,San Jose Earthquakes
Preston Judd,400000.0,MLS,San Jose Earthquakes
Stefan Frei,200000.0,MLS,Seattle Sounders Fc
Andrew Thomas,200000.0,MLS,Seattle Sounders Fc
Jacob Castro,75000.0,MLS,Seattle Sounders Fc
Jackson Ragen,3000000.0,MLS,Seattle Sounders Fc
Yeimar Gómez Andrade,2000000.0,MLS,Seattle Sounders Fc
Jon Bell,300000.0,MLS,Seattle Sounders Fc
Kee-hee Kim,250000.0,MLS,Seattle Sounders Fc
Stuart Hawkins,75000.0,MLS,Seattle Sounders Fc
Leo Burney,0.0,MLS,Seattle Sounders Fc
Nouhou,3500000.0,MLS,Seattle Sounders Fc
Travian Sousa,0.0,MLS,Seattle Sounders Fc
Álex Roldán,4000000.0,MLS,Seattle Sounders Fc
Cody Baker,600000.0,MLS,Seattle Sounders Fc
Kalani Kossa-Rienzi,350000.0,MLS,Seattle Sounders Fc
Danny Leyva,1200000.0,MLS,Seattle Sounders Fc
Obed Vargas,6000000.0,MLS,Seattle Sounders Fc
Cristian Roldán,4000000.0,MLS,Seattle Sounders Fc
João Paulo,1000000.0,MLS,Seattle Sounders Fc
Reed Baker-Whiting,1000000.0,MLS,Seattle Sounders Fc
Albert Rusnák,3500000.0,MLS,Seattle Sounders Fc
Ryan Kent,2500000.0,MLS,Seattle Sounders Fc
Paul Rothrock,800000.0,MLS,Seattle Sounders Fc
Pedro de la Vega,5000000.0,MLS,Seattle Sounders Fc
Paul Arriola,4000000.0,MLS,Seattle Sounders Fc
Georgi Minoungou,800000.0,MLS,Seattle Sounders Fc
Jesús Ferreira,5000000.0,MLS,Seattle Sounders Fc
Jordan Morris,4500000.0,MLS,Seattle Sounders Fc
Danny Musovski,500000.0,MLS,Seattle Sounders Fc
Osaze De Rosario,250000.0,MLS,Seattle Sounders Fc
Jonathan Sirois,1000000.0,MLS,Club De Foot Montreal
Sébastian Breza,400000.0,MLS,Club De Foot Montreal
Emil Gazdov,200000.0,MLS,Club De Foot Montreal
Joel Waterman,2500000.0,MLS,Club De Foot Montreal
George Campbell,1200000.0,MLS,Club De Foot Montreal
Fernando Álvarez,1000000.0,MLS,Club De Foot Montreal
Jalen Neal,800000.0,MLS,Club De Foot Montreal
Brandan Craig,300000.0,MLS,Club De Foot Montreal
Tom Pearce,400000.0,MLS,Club De Foot Montreal
Luca Petrasso,300000.0,MLS,Club De Foot Montreal
Yuri Guboglo,500000.0,MLS,Club De Foot Montreal
Dawid Bugaj,300000.0,MLS,Club De Foot Montreal
Samuel Piette,1500000.0,MLS,Club De Foot Montreal
Nathan-Dylan Saliba,2500000.0,MLS,Club De Foot Montreal
Victor Loturi,450000.0,MLS,Club De Foot Montreal
Bryce Duke,2500000.0,MLS,Club De Foot Montreal
Caden Clark,2000000.0,MLS,Club De Foot Montreal
Dominik Yankov,1200000.0,MLS,Club De Foot Montreal
Dante Sealy,600000.0,MLS,Club De Foot Montreal
Gennadiy Synchuk,2000000.0,MLS,Club De Foot Montreal
Mahala Opoku,1500000.0,MLS,Club De Foot Montreal
Fabian Herbers,1000000.0,MLS,Club De Foot Montreal
Olger Escobar,0.0,MLS,Club De Foot Montreal
Prince Owusu,2000000.0,MLS,Club De Foot Montreal
Giacomo Vrioni,1500000.0,MLS,Club De Foot Montreal
Sunusi Ibrahim,1200000.0,MLS,Club De Foot Montreal
Jules-Anthony Vilsaint,500000.0,MLS,Club De Foot Montreal
Owen Graham-Roache,0.0,MLS,Club De Foot Montreal
Pablo Sisniega,200000.0,MLS,San Diego Fc
CJ dos Santos,125000.0,MLS,San Diego Fc
Jacob Jackson,125000.0,MLS,San Diego Fc
Paddy McNair,3000000.0,MLS,San Diego Fc
Andrés Reyes,1500000.0,MLS,San Diego Fc
Chris McVey,600000.0,MLS,San Diego Fc
Ian Pilcher,200000.0,MLS,San Diego Fc
Franco Negri,700000.0,MLS,San Diego Fc
Hamady Diop,300000.0,MLS,San Diego Fc
Luca Bombino,200000.0,MLS,San Diego Fc
Willy Kumado,1000000.0,MLS,San Diego Fc
Oscar Verhoeven,150000.0,MLS,San Diego Fc
Jeppe Tverskov,600000.0,MLS,San Diego Fc
Aníbal Godoy,200000.0,MLS,San Diego Fc
Manu Duah,0.0,MLS,San Diego Fc
Luca de la Torre,1500000.0,MLS,San Diego Fc
Heine Gikling Bruseth,1200000.0,MLS,San Diego Fc
Jasper Löffelsend,1200000.0,MLS,San Diego Fc
Alejandro Alvarado,50000.0,MLS,San Diego Fc
Emmanuel Boateng,200000.0,MLS,San Diego Fc
Onni Valakari,3500000.0,MLS,San Diego Fc
Hirving Lozano,12000000.0,MLS,San Diego Fc
Alex Mighten,500000.0,MLS,San Diego Fc
Anders Dreyer,8000000.0,MLS,San Diego Fc
Marcus Ingvartsen,5000000.0,MLS,San Diego Fc
Tomás Ángel,500000.0,MLS,San Diego Fc
Anisse Saidi,350000.0,MLS,San Diego Fc
Milan Iloski,350000.0,MLS,San Diego Fc
Brad Stuver,800000.0,MLS,Austin Fc
Stefan Cleveland,250000.0,MLS,Austin Fc
Julio Cascante,1800000.0,MLS,Austin Fc
Oleksandr Svatok,1200000.0,MLS,Austin Fc
Brendan Hines-Ike,800000.0,MLS,Austin Fc
Žan Kolmanič,1000000.0,MLS,Austin Fc
Guilherme Biro,1000000.0,MLS,Austin Fc
Jon Gallagher,2500000.0,MLS,Austin Fc
Mikkel Desler,2000000.0,MLS,Austin Fc
Riley Thomas,0.0,MLS,Austin Fc
Ilie Sánchez,500000.0,MLS,Austin Fc
Daniel Pereira,3000000.0,MLS,Austin Fc
Owen Wolff,3000000.0,MLS,Austin Fc
Besard Sabovic,1500000.0,MLS,Austin Fc
Nicolás Dubersarsky,1500000.0,MLS,Austin Fc
Micah Burton,0.0,MLS,Austin Fc
Myrto Uzuni,7500000.0,MLS,Austin Fc
Robert Taylor,2000000.0,MLS,Austin Fc
CJ Fodrey,250000.0,MLS,Austin Fc
Osman Bukari,6000000.0,MLS,Austin Fc
Jáder Obrian,2000000.0,MLS,Austin Fc
Jimmy Farkarlun,200000.0,MLS,Austin Fc
Brandon Vazquez,7500000.0,MLS,Austin Fc
Diego Rubio,1000000.0,MLS,Austin Fc
Roman Bürki,1800000.0,MLS,St Louis City Sc
Ben Lundt,200000.0,MLS,St Louis City Sc
Christian Olivares,10000.0,MLS,St Louis City Sc
Henry Kessler,2500000.0,MLS,St Louis City Sc
Joakim Nilsson,2000000.0,MLS,St Louis City Sc
Kyle Hiebert,1500000.0,MLS,St Louis City Sc
Jannes Horn,1500000.0,MLS,St Louis City Sc
Timo Baumgartl,450000.0,MLS,St Louis City Sc
Joshua Yaro,400000.0,MLS,St Louis City Sc
Michael Wentzel,100000.0,MLS,St Louis City Sc
Jayden Reid,300000.0,MLS,St Louis City Sc
Tomas Totland,1500000.0,MLS,St Louis City Sc
Akil Watts,400000.0,MLS,St Louis City Sc
Tyson Pearce,75000.0,MLS,St Louis City Sc
Joseph Zalinsky,0.0,MLS,St Louis City Sc
Chris Durkin,2000000.0,MLS,St Louis City Sc
Jake Girdwood-Reich,600000.0,MLS,St Louis City Sc
Eduard Löwen,5000000.0,MLS,St Louis City Sc
Marcel Hartel,4500000.0,MLS,St Louis City Sc
Miguel Perez,500000.0,MLS,St Louis City Sc
Alfredo Morales,200000.0,MLS,St Louis City Sc
Conrad Wallem,2200000.0,MLS,St Louis City Sc
MyKhi Joyner,0.0,MLS,St Louis City Sc
Tomas Ostrák,1200000.0,MLS,St Louis City Sc
Célio Pompeu,1200000.0,MLS,St Louis City Sc
Xande Silva,1000000.0,MLS,St Louis City Sc
Rasmus Alm,1800000.0,MLS,St Louis City Sc
Cedric Teuchert,3500000.0,MLS,St Louis City Sc
João Klauss,2800000.0,MLS,St Louis City Sc
Simon Becher,1200000.0,MLS,St Louis City Sc
Caden Glover,300000.0,MLS,St Louis City Sc
Patrick Schulte,3500000.0,MLS,Columbus Crew Sc
Nicholas Hagen,200000.0,MLS,Columbus Crew Sc
Evan Bush,100000.0,MLS,Columbus Crew Sc
Stanislav Lapkes,0.0,MLS,Columbus Crew Sc
Yevgen Cheberko,1500000.0,MLS,Columbus Crew Sc
Rudy Camacho,400000.0,MLS,Columbus Crew Sc
Cesar Ruvalcaba,200000.0,MLS,Columbus Crew Sc
Malte Amundsen,3000000.0,MLS,Columbus Crew Sc
Steven Moreira,1800000.0,MLS,Columbus Crew Sc
Andrés Herrera,1500000.0,MLS,Columbus Crew Sc
Amar Sejdić,500000.0,MLS,Columbus Crew Sc
Darlington Nagbe,1200000.0,MLS,Columbus Crew Sc
Sean Zawadzki,600000.0,MLS,Columbus Crew Sc
Derrick Jones,500000.0,MLS,Columbus Crew Sc
Cole Mrowka,125000.0,MLS,Columbus Crew Sc
Taha Habroune,100000.0,MLS,Columbus Crew Sc
Mohamed Farsi,2500000.0,MLS,Columbus Crew Sc
Diego Rossi,8500000.0,MLS,Columbus Crew Sc
Dániel Gazdag,6000000.0,MLS,Columbus Crew Sc
Dylan Chambost,2000000.0,MLS,Columbus Crew Sc
AZ Jackson,2000000.0,MLS,Columbus Crew Sc
Max Arfsten,1200000.0,MLS,Columbus Crew Sc
Lassi Lappalainen,800000.0,MLS,Columbus Crew Sc
Jacen Russell-Rowe,3500000.0,MLS,Columbus Crew Sc
Ibrahim Aliyu,3000000.0,MLS,Columbus Crew Sc
Sean Johnson,600000.0,MLS,Toronto Fc
Luka Gavran,100000.0,MLS,Toronto Fc
Adisa De Rosario,0.0,MLS,Toronto Fc
Sigurd Rosted,800000.0,MLS,Toronto Fc
Nicksoen Gomis,600000.0,MLS,Toronto Fc
Zane Monlouis,400000.0,MLS,Toronto Fc
Kevin Long,300000.0,MLS,Toronto Fc
Lazar Stefanović,100000.0,MLS,Toronto Fc
Raoul Petretta,600000.0,MLS,Toronto Fc
Richie Laryea,1000000.0,MLS,Toronto Fc
Henry Wingo,700000.0,MLS,Toronto Fc
Kobe Franklin,500000.0,MLS,Toronto Fc
Deybi Flores,800000.0,MLS,Toronto Fc
Jonathan Osorio,2000000.0,MLS,Toronto Fc
Matty Longstaff,1500000.0,MLS,Toronto Fc
Maxime Dominguez,1200000.0,MLS,Toronto Fc
Alonso Coello,800000.0,MLS,Toronto Fc
Markus Cimermancic,300000.0,MLS,Toronto Fc
Kosi Thompson,850000.0,MLS,Toronto Fc
Nathaniel Edwards,0.0,MLS,Toronto Fc
Lorenzo Insigne,2000000.0,MLS,Toronto Fc
Derrick Etienne Jr.,1200000.0,MLS,Toronto Fc
Tyrese Spicer,500000.0,MLS,Toronto Fc
Federico Bernardeschi,4000000.0,MLS,Toronto Fc
Theo Corbeanu,1000000.0,MLS,Toronto Fc
Ola Brynhildsen,3000000.0,MLS,Toronto Fc
Deandre Kerr,1500000.0,MLS,Toronto Fc
Charlie Sharp,0.0,MLS,Toronto Fc
Maarten Paes,1800000.0,MLS,Fc Dallas
Michael Collodi,75000.0,MLS,Fc Dallas
Antonio Carrera,25000.0,MLS,Fc Dallas
Enzo Newman,0.0,MLS,Fc Dallas
Osaze Urhoghide,2000000.0,MLS,Fc Dallas
Lalas Abubakar,600000.0,MLS,Fc Dallas
Sebastien Ibeagha,400000.0,MLS,Fc Dallas
Nolan Norris,100000.0,MLS,Fc Dallas
Álvaro Augusto,0.0,MLS,Fc Dallas
Marco Farfán,2000000.0,MLS,Fc Dallas
Shaq Moore,1200000.0,MLS,Fc Dallas
Geovane Jesus,800000.0,MLS,Fc Dallas
Malachi Molina,0.0,MLS,Fc Dallas
Patrickson Delgado,2000000.0,MLS,Fc Dallas
Kaick,1500000.0,MLS,Fc Dallas
Show,750000.0,MLS,Fc Dallas
Sebastian Lletget,800000.0,MLS,Fc Dallas
Ramiro,700000.0,MLS,Fc Dallas
Alejandro Urzua,50000.0,MLS,Fc Dallas
Diego García,0.0,MLS,Fc Dallas
Luciano Acosta,6000000.0,MLS,Fc Dallas
Paxton Pomykal,2500000.0,MLS,Fc Dallas
Tsiki Ntsabeleng,800000.0,MLS,Fc Dallas
Léo Chú,3000000.0,MLS,Fc Dallas
Tarik Scott,100000.0,MLS,Fc Dallas
Anderson Julio,3000000.0,MLS,Fc Dallas
Bernard Kamungo,1200000.0,MLS,Fc Dallas
Pedrinho,250000.0,MLS,Fc Dallas
Daniel Baran,0.0,MLS,Fc Dallas
Anthony Ramírez,0.0,MLS,Fc Dallas
Petar Musa,7000000.0,MLS,Fc Dallas
Logan Farrington,800000.0,MLS,Fc Dallas
John Pulskamp,400000.0,MLS,Sporting Kansas City
Ryan Schewe,50000.0,MLS,Sporting Kansas City
Jack Kortkamp,0.0,MLS,Sporting Kansas City
Joaquín Fernández,1200000.0,MLS,Sporting Kansas City
Robert Voloder,1000000.0,MLS,Sporting Kansas City
Dany Rosero,1000000.0,MLS,Sporting Kansas City
Jansen Miller,0.0,MLS,Sporting Kansas City
Andrew Brody,1500000.0,MLS,Sporting Kansas City
Logan Ndenbe,1200000.0,MLS,Sporting Kansas City
Tim Leibold,800000.0,MLS,Sporting Kansas City
Zorhan Bassong,450000.0,MLS,Sporting Kansas City
Jake Davis,2000000.0,MLS,Sporting Kansas City
Ian James,200000.0,MLS,Sporting Kansas City
Nemanja Radoja,1000000.0,MLS,Sporting Kansas City
Jacob Bartlett,300000.0,MLS,Sporting Kansas City
Manu García,3500000.0,MLS,Sporting Kansas City
Erik Thommy,2000000.0,MLS,Sporting Kansas City
Memo Rodríguez,1200000.0,MLS,Sporting Kansas City
Dániel Sallói,3000000.0,MLS,Sporting Kansas City
Stephen Afrifa,800000.0,MLS,Sporting Kansas City
Shapi Suleymanov,2000000.0,MLS,Sporting Kansas City
Dejan Joveljić,5500000.0,MLS,Sporting Kansas City
Santiago Muñóz,1000000.0,MLS,Sporting Kansas City
Mason Toye,600000.0,MLS,Sporting Kansas City
Khiry Shelton,400000.0,MLS,Sporting Kansas City
John McCarthy,600000.0,MLS,Los Angeles Galaxy
Novak Mićović,400000.0,MLS,Los Angeles Galaxy
JT Marcinkowski,300000.0,MLS,Los Angeles Galaxy
Brady Scott,125000.0,MLS,Los Angeles Galaxy
Carlos Garcés,700000.0,MLS,Los Angeles Galaxy
Zanka,600000.0,MLS,Los Angeles Galaxy
Maya Yoshida,300000.0,MLS,Los Angeles Galaxy
Eriq Zavaleta,150000.0,MLS,Los Angeles Galaxy
Julián Aude,3500000.0,MLS,Los Angeles Galaxy
John Nelson,800000.0,MLS,Los Angeles Galaxy
Miki Yamane,1500000.0,MLS,Los Angeles Galaxy
Mauricio Cuevas,250000.0,MLS,Los Angeles Galaxy
Harbor Miller,150000.0,MLS,Los Angeles Galaxy
Lucas Sanabria,4000000.0,MLS,Los Angeles Galaxy
Edwin Cerrillo,2500000.0,MLS,Los Angeles Galaxy
Tucker Lepley,75000.0,MLS,Los Angeles Galaxy
Riqui Puig,20000000.0,MLS,Los Angeles Galaxy
Elijah Wynder,400000.0,MLS,Los Angeles Galaxy
Isaiah Parente,200000.0,MLS,Los Angeles Galaxy
Marco Reus,2500000.0,MLS,Los Angeles Galaxy
Rubén Ramos,200000.0,MLS,Los Angeles Galaxy
Diego Fagúndez,2500000.0,MLS,Los Angeles Galaxy
Gabriel Pec,12000000.0,MLS,Los Angeles Galaxy
Joseph Paintsil,10000000.0,MLS,Los Angeles Galaxy
Matheus Nascimento,4000000.0,MLS,Los Angeles Galaxy
Christian Ramirez,500000.0,MLS,Los Angeles Galaxy
Miguel Berry,350000.0,MLS,Los Angeles Galaxy
Roman Celentano,2500000.0,MLS,Fc Cincinnati
Evan Louro,200000.0,MLS,Fc Cincinnati
Alec Kann,150000.0,MLS,Fc Cincinnati
Paul Walters,100000.0,MLS,Fc Cincinnati
Miles Robinson,4000000.0,MLS,Fc Cincinnati
Matt Miazga,2500000.0,MLS,Fc Cincinnati
Teenage Hadebe,1500000.0,MLS,Fc Cincinnati
Gilberto Flores,1300000.0,MLS,Fc Cincinnati
Nick Hagglund,500000.0,MLS,Fc Cincinnati
Lukas Engel,2200000.0,MLS,Fc Cincinnati
Brad Smith,500000.0,MLS,Fc Cincinnati
DeAndre Yedlin,2000000.0,MLS,Fc Cincinnati
Alvas Powell,500000.0,MLS,Fc Cincinnati
Obinna Nwobodo,3000000.0,MLS,Fc Cincinnati
Pavel Bucha,2500000.0,MLS,Fc Cincinnati
Tah Anunga,700000.0,MLS,Fc Cincinnati
Stiven Jimenez,100000.0,MLS,Fc Cincinnati
Evander,14000000.0,MLS,Fc Cincinnati
Yuya Kubo,1500000.0,MLS,Fc Cincinnati
Gerardo Valenzuela,600000.0,MLS,Fc Cincinnati
Luca Orellano,4500000.0,MLS,Fc Cincinnati
Kévin Denkey,14000000.0,MLS,Fc Cincinnati
Corey Baird,1500000.0,MLS,Fc Cincinnati
Sergio Santos,1200000.0,MLS,Fc Cincinnati
Kei Kamara,50000.0,MLS,Fc Cincinnati
Stefan Chirila,0.0,MLS,Fc Cincinnati
Dayne St. Clair,2000000.0,MLS,Minnesota United Fc
Alec Smir,50000.0,MLS,Minnesota United Fc
Nicolás Romero,2800000.0,MLS,Minnesota United Fc
Jefferson Díaz,700000.0,MLS,Minnesota United Fc
Morris Duggan,300000.0,MLS,Minnesota United Fc
Kipp Keller,200000.0,MLS,Minnesota United Fc
Michael Boxall,200000.0,MLS,Minnesota United Fc
Joseph Rosales,2500000.0,MLS,Minnesota United Fc
Devin Padelford,600000.0,MLS,Minnesota United Fc
Anthony Markanich Jr.,500000.0,MLS,Minnesota United Fc
D.J. Taylor,1000000.0,MLS,Minnesota United Fc
Wil Trapp,1000000.0,MLS,Minnesota United Fc
Carlos Harvey,400000.0,MLS,Minnesota United Fc
Hassani Dotson,3500000.0,MLS,Minnesota United Fc
Joaquín Pereyra,2500000.0,MLS,Minnesota United Fc
Robin Lod,2000000.0,MLS,Minnesota United Fc
Owen Gene,1800000.0,MLS,Minnesota United Fc
Ho-yeon Jung,1000000.0,MLS,Minnesota United Fc
Julian Gressel,2000000.0,MLS,Minnesota United Fc
Samuel Shashoua,350000.0,MLS,Minnesota United Fc
Loïc Mesanvi,200000.0,MLS,Minnesota United Fc
Bongokuhle Hlongwane,4000000.0,MLS,Minnesota United Fc
Kelvin Yeboah,6000000.0,MLS,Minnesota United Fc
Tani Oluwaseyi,4500000.0,MLS,Minnesota United Fc
Sang-bin Jeong,3000000.0,MLS,Minnesota United Fc
Joe Willis,200000.0,MLS,Nashville Sc
Brian Schwake,200000.0,MLS,Nashville Sc
Xavier Valdez,75000.0,MLS,Nashville Sc
Walker Zimmerman,3000000.0,MLS,Nashville Sc
Jack Maher,2000000.0,MLS,Nashville Sc
Jeison Palacios,450000.0,MLS,Nashville Sc
Josh Bauer,450000.0,MLS,Nashville Sc
Wyatt Meyer,150000.0,MLS,Nashville Sc
Christopher Applewhite,0.0,MLS,Nashville Sc
Daniel Lovitz,450000.0,MLS,Nashville Sc
Taylor Washington,300000.0,MLS,Nashville Sc
Andy Nájar,400000.0,MLS,Nashville Sc
Julian Gaines,100000.0,MLS,Nashville Sc
Gastón Brugman,1800000.0,MLS,Nashville Sc
Matthew Corcoran,300000.0,MLS,Nashville Sc
Patrick Yazbek,2500000.0,MLS,Nashville Sc
Edvard Tagseth,1800000.0,MLS,Nashville Sc
Bryan Acosta,1000000.0,MLS,Nashville Sc
Isaiah Jones,50000.0,MLS,Nashville Sc
Hany Mukhtar,6000000.0,MLS,Nashville Sc
Jacob Shaffelburg,5000000.0,MLS,Nashville Sc
Tyler Boyd,1000000.0,MLS,Nashville Sc
Jonathan Pérez,175000.0,MLS,Nashville Sc
Ahmed Qasem,3500000.0,MLS,Nashville Sc
Alex Muyl,1800000.0,MLS,Nashville Sc
Sam Surridge,5000000.0,MLS,Nashville Sc
Teal Bunbury,200000.0,MLS,Nashville Sc
Adem Sipić,75000.0,MLS,Nashville Sc
Maximus Ekk,0.0,MLS,Nashville Sc
Chris Brady,2500000.0,MLS,Chicago Fire Fc
Jeff Gal,100000.0,MLS,Chicago Fire Fc
Jack Elliott,2500000.0,MLS,Chicago Fire Fc
Carlos Terán,2000000.0,MLS,Chicago Fire Fc
Mauricio Pineda,1200000.0,MLS,Chicago Fire Fc
Sam Rogers,400000.0,MLS,Chicago Fire Fc
Omar González,100000.0,MLS,Chicago Fire Fc
Christopher Cupps,0.0,MLS,Chicago Fire Fc
Andrew Gutman,700000.0,MLS,Chicago Fire Fc
Chase Gasper,300000.0,MLS,Chicago Fire Fc
Leonardo Barroso,1000000.0,MLS,Chicago Fire Fc
Jonathan Dean,450000.0,MLS,Chicago Fire Fc
Justin Reynolds,150000.0,MLS,Chicago Fire Fc
Kellyn Acosta,2000000.0,MLS,Chicago Fire Fc
Djé D'Avilla,500000.0,MLS,Chicago Fire Fc
Sam Williams,150000.0,MLS,Chicago Fire Fc
Rominigue Kouamé,2000000.0,MLS,Chicago Fire Fc
Sergio Oregel,125000.0,MLS,Chicago Fire Fc
Harold Osorio,0.0,MLS,Chicago Fire Fc
Maren Haile-Selassie,2000000.0,MLS,Chicago Fire Fc
Omari Glasgow,150000.0,MLS,Chicago Fire Fc
Brian Gutiérrez,4000000.0,MLS,Chicago Fire Fc
David Poreba,50000.0,MLS,Chicago Fire Fc
Dylan Borso,0.0,MLS,Chicago Fire Fc
Robert Turdean,0.0,MLS,Chicago Fire Fc
Jonathan Bamba,3500000.0,MLS,Chicago Fire Fc
Philip Zinckernagel,2000000.0,MLS,Chicago Fire Fc
Chris Mueller,1000000.0,MLS,Chicago Fire Fc
Hugo Cuypers,9000000.0,MLS,Chicago Fire Fc
Tom Barlow,400000.0,MLS,Chicago Fire Fc
Dean Boltz,0.0,MLS,Chicago Fire Fc
Pedro Gallese,600000.0,MLS,Orlando City Sc
Javier Otero,100000.0,MLS,Orlando City Sc
Carlos Mercado,50000.0,MLS,Orlando City Sc
David Brekalo,3000000.0,MLS,Orlando City Sc
Rodrigo Schlegel,2000000.0,MLS,Orlando City Sc
Robin Jansson,600000.0,MLS,Orlando City Sc
Thomas Williams,200000.0,MLS,Orlando City Sc
Rafael Santos,800000.0,MLS,Orlando City Sc
Tahir Reid-Brown,75000.0,MLS,Orlando City Sc
Kyle Smith,600000.0,MLS,Orlando City Sc
Alex Freeman,150000.0,MLS,Orlando City Sc
César Araújo,3500000.0,MLS,Orlando City Sc
Wilder Cartagena,2500000.0,MLS,Orlando City Sc
Joran Gerbet,200000.0,MLS,Orlando City Sc
Colin Guske,75000.0,MLS,Orlando City Sc
Zakaria Taifi,0.0,MLS,Orlando City Sc
Eduard Atuesta,2000000.0,MLS,Orlando City Sc
Dagur Dan Thórhallsson,1500000.0,MLS,Orlando City Sc
Martín Ojeda,6000000.0,MLS,Orlando City Sc
Iván Angulo,4000000.0,MLS,Orlando City Sc
Yutaro Tsukada,200000.0,MLS,Orlando City Sc
Marco Pašalić,5000000.0,MLS,Orlando City Sc
Nicolás Rodríguez,1400000.0,MLS,Orlando City Sc
Shak Mohammed,150000.0,MLS,Orlando City Sc
Gustavo Caraballo,100000.0,MLS,Orlando City Sc
Duncan McGuire,4000000.0,MLS,Orlando City Sc
Ramiro Enrique,2500000.0,MLS,Orlando City Sc
Luis Muriel,1500000.0,MLS,Orlando City Sc
Favian Loyola,100000.0,MLS,Orlando City Sc
Joon-hong Kim,550000.0,MLS,D C United
Luis Barraza,200000.0,MLS,D C United
Jordan Farr,200000.0,MLS,D C United
Lukas MacNaughton,1200000.0,MLS,D C United
Lucas Bartlett,1000000.0,MLS,D C United
Kye Rowles,1000000.0,MLS,D C United
Garrison Tubbs,200000.0,MLS,D C United
David Schnegg,1500000.0,MLS,D C United
Aarón Herrera,2000000.0,MLS,D C United
Derek Dodson,275000.0,MLS,D C United
Conner Antley,250000.0,MLS,D C United
Matti Peltola,800000.0,MLS,D C United
Boris Enow,1800000.0,MLS,D C United
Brandon Servania,800000.0,MLS,D C United
Hosei Kijima,400000.0,MLS,D C United
Rida Zouhir,300000.0,MLS,D C United
Gabriel Pirani,2500000.0,MLS,D C United
Jackson Hopkins,1500000.0,MLS,D C United
Gavin Turner,0.0,MLS,D C United
Jared Stroud,2500000.0,MLS,D C United
Randall Leal,1500000.0,MLS,D C United
Peglow,600000.0,MLS,D C United
Fidel Barajas,3000000.0,MLS,D C United
Christian Benteke,2500000.0,MLS,D C United
Jacob Murrell,250000.0,MLS,D C United
Dominique Badji,225000.0,MLS,D C United
Hakim Karamoko,0.0,MLS,D C United
Jonathan Bond,500000.0,MLS,Houston Dynamo Fc
Andrew Tarbell,150000.0,MLS,Houston Dynamo Fc
Blake Gillingham,150000.0,MLS,Houston Dynamo Fc
Jimmy Maurer,100000.0,MLS,Houston Dynamo Fc
Erik Sviatchenko,1000000.0,MLS,Houston Dynamo Fc
Felipe Andrade,1000000.0,MLS,Houston Dynamo Fc
Ethan Bartlow,600000.0,MLS,Houston Dynamo Fc
Pablo Ortiz,375000.0,MLS,Houston Dynamo Fc
Femi Awodesu,300000.0,MLS,Houston Dynamo Fc
Daniel Steres,200000.0,MLS,Houston Dynamo Fc
Franco Escobar,800000.0,MLS,Houston Dynamo Fc
Griffin Dorsey,800000.0,MLS,Houston Dynamo Fc
Michael Halliday,200000.0,MLS,Houston Dynamo Fc
Artur,3000000.0,MLS,Houston Dynamo Fc
Jack McGlynn,4500000.0,MLS,Houston Dynamo Fc
Érik Dueñas,800000.0,MLS,Houston Dynamo Fc
Brooklyn Raines,250000.0,MLS,Houston Dynamo Fc
Júnior Urso,150000.0,MLS,Houston Dynamo Fc
Sebastián Rodríguez,0.0,MLS,Houston Dynamo Fc
Duane Holmes,1200000.0,MLS,Houston Dynamo Fc
Amine Bassi,4500000.0,MLS,Houston Dynamo Fc
Ondrej Lingr,2700000.0,MLS,Houston Dynamo Fc
Sebastian Kowalczyk,1200000.0,MLS,Houston Dynamo Fc
Nicolás Lodeiro,800000.0,MLS,Houston Dynamo Fc
Lawrence Ennali,2500000.0,MLS,Houston Dynamo Fc
Nelson Quiñónes,800000.0,MLS,Houston Dynamo Fc
Exon Arzú,150000.0,MLS,Houston Dynamo Fc
Ezequiel Ponce,6000000.0,MLS,Houston Dynamo Fc
Toyosi Olusanya,800000.0,MLS,Houston Dynamo Fc
Gabriel Segal,250000.0,MLS,Houston Dynamo Fc
Stephen Annor Gyamfi,75000.0,MLS,Houston Dynamo Fc
Aljaž Ivačič,600000.0,MLS,New England Revolution
Alex Bono,400000.0,MLS,New England Revolution
Donovan Parisian,0.0,MLS,New England Revolution
Mamadou Fofana,1800000.0,MLS,New England Revolution
Brayan Ceballos,1500000.0,MLS,New England Revolution
Tanner Beason,800000.0,MLS,New England Revolution
Andrew Farrell,300000.0,MLS,New England Revolution
Wyatt Omsberg,200000.0,MLS,New England Revolution
Keegan Hughes,125000.0,MLS,New England Revolution
Will Sands,200000.0,MLS,New England Revolution
Peyton Miller,150000.0,MLS,New England Revolution
Ilay Feingold,2500000.0,MLS,New England Revolution
Brandon Bye,2500000.0,MLS,New England Revolution
Damario McIntosh,0.0,MLS,New England Revolution
Matt Polster,800000.0,MLS,New England Revolution
Alhassan Yusuf,3000000.0,MLS,New England Revolution
Jackson Yueill,1800000.0,MLS,New England Revolution
Carles Gil,2500000.0,MLS,New England Revolution
Allan Oyirwoth,0.0,MLS,New England Revolution
Tomás Chancalay,2500000.0,MLS,New England Revolution
Luca Langoni,5500000.0,MLS,New England Revolution
Luis Díaz,500000.0,MLS,New England Revolution
Malcolm Fry,75000.0,MLS,New England Revolution
Leonardo Campana,2500000.0,MLS,New England Revolution
Ignatius Ganago,1800000.0,MLS,New England Revolution
Maximiliano Urruti,400000.0,MLS,New England Revolution
Marcos Dias,0.0,MLS,New England Revolution
Hunter Morse,10000.0,USL1,Portland Hearts Of Pine
Kash Oladapo,0.0,USL1,Portland Hearts Of Pine
Kemali Green,75000.0,USL1,Portland Hearts Of Pine
Sean Vinberg,75000.0,USL1,Portland Hearts Of Pine
Shandon Wright,50000.0,USL1,Portland Hearts Of Pine
Samuel Mahlamäki,25000.0,USL1,Portland Hearts Of Pine
Colby Quiñónes,100000.0,USL1,Portland Hearts Of Pine
Jaden Jones-Riley,75000.0,USL1,Portland Hearts Of Pine
Patrick Langlois,150000.0,USL1,Portland Hearts Of Pine
Mikey Lopez,100000.0,USL1,Portland Hearts Of Pine
Michel Poon-Angeron,100000.0,USL1,Portland Hearts Of Pine
Mickey Reilly,0.0,USL1,Portland Hearts Of Pine
Khalid Hersi,0.0,USL1,Portland Hearts Of Pine
Walter Varela,100000.0,USL1,Portland Hearts Of Pine
Ollie Wright,75000.0,USL1,Portland Hearts Of Pine
Masashi Wada,150000.0,USL1,Portland Hearts Of Pine
Nathaniel James,25000.0,USL1,Portland Hearts Of Pine
Jay Tee Kamara,50000.0,USL1,Portland Hearts Of Pine
Nathan Messer,75000.0,USL1,Portland Hearts Of Pine
Azaad Liadi,125000.0,USL1,Portland Hearts Of Pine
Evan Southern,75000.0,USL1,Portland Hearts Of Pine
Jake Keegan,75000.0,USL1,Portland Hearts Of Pine
Titus Washington,75000.0,USL1,Portland Hearts Of Pine
Sean Lewis,100000.0,USL1,One Knoxville Sc
Johan Garibay,75000.0,USL1,One Knoxville Sc
Nic Lemen,0.0,USL1,One Knoxville Sc
Scott McLeod,75000.0,USL1,One Knoxville Sc
Jordan Skelton,200000.0,USL1,One Knoxville Sc
Dani Fernández,175000.0,USL1,One Knoxville Sc
Sivert Haugli,150000.0,USL1,One Knoxville Sc
Stuart Ritchie,175000.0,USL1,One Knoxville Sc
Heath Martin,0.0,USL1,One Knoxville Sc
Dennis Ramirez,0.0,USL1,One Knoxville Sc
Jaheim Brown,150000.0,USL1,One Knoxville Sc
James Thomas,100000.0,USL1,One Knoxville Sc
Callum Johnson,175000.0,USL1,One Knoxville Sc
Abel Caputo,150000.0,USL1,One Knoxville Sc
Angelo Kelly-Rosales,125000.0,USL1,One Knoxville Sc
Nico Rosamilia,25000.0,USL1,One Knoxville Sc
Mikkel Gøling,100000.0,USL1,One Knoxville Sc
Leo Santos,0.0,USL1,One Knoxville Sc
Mark Doyle,175000.0,USL1,One Knoxville Sc
Kempes Tekiela,175000.0,USL1,One Knoxville Sc
Kimarni Smith,175000.0,USL1,One Knoxville Sc
Stavros Zarokostas,150000.0,USL1,One Knoxville Sc
Babacar Diene,125000.0,USL1,One Knoxville Sc
Giovanni Calixtro,75000.0,USL1,One Knoxville Sc
Lalo Delgado,150000.0,USL1,Fc Naples
Tony Halterman,0.0,USL1,Fc Naples
Joel Serrano,0.0,USL1,Fc Naples
Julian Cisneros,125000.0,USL1,Fc Naples
Marc Torrellas,75000.0,USL1,Fc Naples
Brecc Evans,175000.0,USL1,Fc Naples
Jake Dengler,175000.0,USL1,Fc Naples
Gustavo Fernandes,100000.0,USL1,Fc Naples
Rodolfo Sulia,0.0,USL1,Fc Naples
Max Glasser,100000.0,USL1,Fc Naples
Kevin O'Connor,100000.0,USL1,Fc Naples
Ian Garrett,50000.0,USL1,Fc Naples
Andrés Ferrín,125000.0,USL1,Fc Naples
Chris Heckenberg,150000.0,USL1,Fc Naples
Luka Prpa,125000.0,USL1,Fc Naples
Ian Cerro,75000.0,USL1,Fc Naples
Roscoe Rubinstein,0.0,USL1,Fc Naples
Tyler Pasnik,50000.0,USL1,Fc Naples
Thomas Bowe,0.0,USL1,Fc Naples
Karsen Henderlong,175000.0,USL1,Fc Naples
Jayden Onen,125000.0,USL1,Fc Naples
Sebastian Joffre,0.0,USL1,Fc Naples
Justin Weiss,0.0,USL1,Fc Naples
Mason McCready,75000.0,USL1,Texoma Fc
Javier Garcia,50000.0,USL1,Texoma Fc
Aren Seeger,10000.0,USL1,Texoma Fc
Reid Valentine,75000.0,USL1,Texoma Fc
Preston Kilwien,150000.0,USL1,Texoma Fc
Jordan Chavez,125000.0,USL1,Texoma Fc
Angelo Calfo,75000.0,USL1,Texoma Fc
Patrick Staszewski,0.0,USL1,Texoma Fc
Jorge Corrales,100000.0,USL1,Texoma Fc
David Mason,100000.0,USL1,Texoma Fc
Will Perkins,100000.0,USL1,Texoma Fc
Teddy Baker,50000.0,USL1,Texoma Fc
Leland Gray,0.0,USL1,Texoma Fc
Ozzie Ramos,100000.0,USL1,Texoma Fc
JP Jordan,100000.0,USL1,Texoma Fc
Phila Dlamini,25000.0,USL1,Texoma Fc
Dane Domic,10000.0,USL1,Texoma Fc
Ajmeer Spengler,150000.0,USL1,Texoma Fc
Maciej Bortniczuk,50000.0,USL1,Texoma Fc
Luke McCormick,0.0,USL1,Texoma Fc
Solomon Asanté,75000.0,USL1,Texoma Fc
Brandon McManus,75000.0,USL1,Texoma Fc
Brayan Padilla,75000.0,USL1,Texoma Fc
Lamin Jawneh,50000.0,USL1,Texoma Fc
Diego Pepi,25000.0,USL1,Texoma Fc
Donald Benamna,25000.0,USL1,Texoma Fc
Austin Pack,175000.0,USL1,South Georgia Tormenta Fc
Sam Jones,0.0,USL1,South Georgia Tormenta Fc
Liam Healy,0.0,USL1,South Georgia Tormenta Fc
Anatolie Prepelita,100000.0,USL1,South Georgia Tormenta Fc
Callum Stretch,100000.0,USL1,South Georgia Tormenta Fc
Jackson Simba Kasanzu,100000.0,USL1,South Georgia Tormenta Fc
Joseph Pérez,75000.0,USL1,South Georgia Tormenta Fc
Thabo Nare,10000.0,USL1,South Georgia Tormenta Fc
Finnley O'Brien,0.0,USL1,South Georgia Tormenta Fc
Gabriel Alves,200000.0,USL1,South Georgia Tormenta Fc
Oscar Jiménez,75000.0,USL1,South Georgia Tormenta Fc
Gabriel Cabral,175000.0,USL1,South Georgia Tormenta Fc
Dodge Brooks,0.0,USL1,South Georgia Tormenta Fc
Conor Doyle,100000.0,USL1,South Georgia Tormenta Fc
Alon Drey,75000.0,USL1,South Georgia Tormenta Fc
Aaron Walker,75000.0,USL1,South Georgia Tormenta Fc
Niall Reid-Stephen,150000.0,USL1,South Georgia Tormenta Fc
Mason Tunbridge,200000.0,USL1,South Georgia Tormenta Fc
Handwalla Bwana,150000.0,USL1,South Georgia Tormenta Fc
Taylor Gray,25000.0,USL1,South Georgia Tormenta Fc
Sebastián Vivas,150000.0,USL1,South Georgia Tormenta Fc
Yaniv Bazini,125000.0,USL1,South Georgia Tormenta Fc
Jonathan Nyandjo,50000.0,USL1,South Georgia Tormenta Fc
Shafer Gottlieb,0.0,USL1,South Georgia Tormenta Fc
Carlos Ávilez,125000.0,USL1,Av Alta Fc
Denzil Smith,25000.0,USL1,Av Alta Fc
Luca Mastrantonio,175000.0,USL1,Av Alta Fc
Miguel Pajaro,175000.0,USL1,Av Alta Fc
Kaloyan Pehlivanov,125000.0,USL1,Av Alta Fc
Erick Ceja Gonzalez,50000.0,USL1,Av Alta Fc
Elijah Martin,150000.0,USL1,Av Alta Fc
Walmer Martinez,150000.0,USL1,Av Alta Fc
Ashkanov Apollon,100000.0,USL1,Av Alta Fc
Osvaldo Lay,150000.0,USL1,Av Alta Fc
Harrison Robledo,150000.0,USL1,Av Alta Fc
Maboumou Alassane,100000.0,USL1,Av Alta Fc
Christian Ortiz,25000.0,USL1,Av Alta Fc
Aaron Huerta,0.0,USL1,Av Alta Fc
Jimmie Villalobos,175000.0,USL1,Av Alta Fc
Eduardo Blancas,100000.0,USL1,Av Alta Fc
Javier Mariona,75000.0,USL1,Av Alta Fc
Miguel Ibarra,50000.0,USL1,Av Alta Fc
Jerry Desdunes,50000.0,USL1,Av Alta Fc
Adam Aoumaich,25000.0,USL1,Av Alta Fc
Sebastian Cruz,75000.0,USL1,Av Alta Fc
Emmanuel Alaribe,175000.0,USL1,Av Alta Fc
Ronald Cerritos,150000.0,USL1,Av Alta Fc
Joaquín Acuña,50000.0,USL1,Av Alta Fc
Adrian Villafranco,0.0,USL1,Av Alta Fc
Gunther Rankenburg,100000.0,USL1,Greenville Triumph Sc
Seth Torman,10000.0,USL1,Greenville Triumph Sc
Aiden Blinzler,0.0,USL1,Greenville Triumph Sc
Evan Lee,150000.0,USL1,Greenville Triumph Sc
Brandon Fricke,100000.0,USL1,Greenville Triumph Sc
Zane Bubb,100000.0,USL1,Greenville Triumph Sc
Anthony Patti,25000.0,USL1,Greenville Triumph Sc
Tyler Polak,125000.0,USL1,Greenville Triumph Sc
Griffin Tomas,0.0,USL1,Greenville Triumph Sc
Devin Benton,100000.0,USL1,Greenville Triumph Sc
Pascal Corvino,75000.0,USL1,Greenville Triumph Sc
Chapa Herrera,150000.0,USL1,Greenville Triumph Sc
Ivan Agyaakwah,75000.0,USL1,Greenville Triumph Sc
Nzuhri Biggar,0.0,USL1,Greenville Triumph Sc
Carlos Anguiano,100000.0,USL1,Greenville Triumph Sc
Ben Zakowski,150000.0,USL1,Greenville Triumph Sc
Connor Evans,100000.0,USL1,Greenville Triumph Sc
Sebastián Velásquez,75000.0,USL1,Greenville Triumph Sc
Ropapa Mensah,175000.0,USL1,Greenville Triumph Sc
Chevone Marsh,150000.0,USL1,Greenville Triumph Sc
Michael Gonzalez,100000.0,USL1,Greenville Triumph Sc
Leonardo Castro,100000.0,USL1,Greenville Triumph Sc
Rodrigo Robles,75000.0,USL1,Greenville Triumph Sc
Ezekiel Soto,50000.0,USL1,Greenville Triumph Sc
Carlos Merancio,150000.0,USL1,Spokane Velocity Fc
Ryan Bilichuk,25000.0,USL1,Spokane Velocity Fc
Jackson Buck,0.0,USL1,Spokane Velocity Fc
David García,175000.0,USL1,Spokane Velocity Fc
Jalen Crisler,150000.0,USL1,Spokane Velocity Fc
Marcelo Lage,150000.0,USL1,Spokane Velocity Fc
Camron Miller,150000.0,USL1,Spokane Velocity Fc
Lucky Opara,200000.0,USL1,Spokane Velocity Fc
Derek Waldeck,200000.0,USL1,Spokane Velocity Fc
Ismaila Jome,125000.0,USL1,Spokane Velocity Fc
Javier Martín,100000.0,USL1,Spokane Velocity Fc
Bryce Meredith,75000.0,USL1,Spokane Velocity Fc
Nil Vinyals,175000.0,USL1,Spokane Velocity Fc
Andre Lewis,175000.0,USL1,Spokane Velocity Fc
Collin Fernandez,150000.0,USL1,Spokane Velocity Fc
Jack Denton,100000.0,USL1,Spokane Velocity Fc
Pierre Reedy,150000.0,USL1,Spokane Velocity Fc
Masango Akale,125000.0,USL1,Spokane Velocity Fc
Marky Hernández,125000.0,USL1,Spokane Velocity Fc
Luis Gil,150000.0,USL1,Spokane Velocity Fc
Anuar Peláez,125000.0,USL1,Spokane Velocity Fc
Shavon John-Brown,125000.0,USL1,Spokane Velocity Fc
Neco Brett,100000.0,USL1,Spokane Velocity Fc
Rocky Wells,0.0,USL1,Spokane Velocity Fc
Matt Levy,125000.0,USL1,Charlotte Independence
Drew Romig,75000.0,USL1,Charlotte Independence
Pele Ousmanou,75000.0,USL1,Charlotte Independence
Nick Spielman,200000.0,USL1,Charlotte Independence
Mike DeShields,125000.0,USL1,Charlotte Independence
Javen Romero,75000.0,USL1,Charlotte Independence
Anthony Sorenson,150000.0,USL1,Charlotte Independence
Fabrice Ngah,125000.0,USL1,Charlotte Independence
Clay Dimick,200000.0,USL1,Charlotte Independence
Bachir Ndiaye,150000.0,USL1,Charlotte Independence
Ogenyi Onazi,25000.0,USL1,Charlotte Independence
Iván Bonus,0.0,USL1,Charlotte Independence
Matthew Arango,0.0,USL1,Charlotte Independence
Omar Ciss,150000.0,USL1,Charlotte Independence
Christopher Jaime,100000.0,USL1,Charlotte Independence
Nathan Gray,50000.0,USL1,Charlotte Independence
Adrian Renteria,0.0,USL1,Charlotte Independence
Luis Álvarez,175000.0,USL1,Charlotte Independence
Rafael Jauregui,200000.0,USL1,Charlotte Independence
Juan David Moreno,100000.0,USL1,Charlotte Independence
Alfredo Midence,200000.0,USL1,Charlotte Independence
Christian Chaney,200000.0,USL1,Charlotte Independence
Jon Bakero,175000.0,USL1,Charlotte Independence
Souaibou Marou,175000.0,USL1,Charlotte Independence
Rashid Nuhu,150000.0,USL1,Union Omaha
Cole Jensen,75000.0,USL1,Union Omaha
Russell Shealy,50000.0,USL1,Union Omaha
Blake Malone,150000.0,USL1,Union Omaha
Marco Milanese,150000.0,USL1,Union Omaha
Samuel Owusu,125000.0,USL1,Union Omaha
Brent Kallman,125000.0,USL1,Union Omaha
Anderson Holt,75000.0,USL1,Union Omaha
Josh Ramsey,0.0,USL1,Union Omaha
Charlie Ostrem,150000.0,USL1,Union Omaha
Ryen Jiba,75000.0,USL1,Union Omaha
Brandon Knapp,125000.0,USL1,Union Omaha
Sergio Ors,75000.0,USL1,Union Omaha
Max Schneider,150000.0,USL1,Union Omaha
Isidro Martínez,150000.0,USL1,Union Omaha
Laurence Wootton,50000.0,USL1,Union Omaha
Prosper Kasim,125000.0,USL1,Union Omaha
Kemy Amiche,75000.0,USL1,Union Omaha
Joe Gallardo,175000.0,USL1,Union Omaha
Lagos Kunga,125000.0,USL1,Union Omaha
Dion Acoff,75000.0,USL1,Union Omaha
Josué Gómez,175000.0,USL1,Union Omaha
Mark Bronnik,100000.0,USL1,Union Omaha
Mehdi Ouamri,75000.0,USL1,Union Omaha
James Sneddon,100000.0,USL1,Richmond Kickers
Pablo Jara,75000.0,USL1,Richmond Kickers
Brendan Dobzyniak,0.0,USL1,Richmond Kickers
Grafton Kahl,0.0,USL1,Richmond Kickers
Dakota Barnathan,175000.0,USL1,Richmond Kickers
Griffin Garnett,125000.0,USL1,Richmond Kickers
Guilherme França,100000.0,USL1,Richmond Kickers
Klaidi Cela,100000.0,USL1,Richmond Kickers
Maximiliano Schenfeld,100000.0,USL1,Richmond Kickers
Beckett Howell,25000.0,USL1,Richmond Kickers
Simon Fitch,200000.0,USL1,Richmond Kickers
Rivendi Melvin Pierre-Louis,0.0,USL1,Richmond Kickers
Jonathan Kanagwa,0.0,USL1,Richmond Kickers
Andrew Richman,0.0,USL1,Richmond Kickers
Nils Seufert,150000.0,USL1,Richmond Kickers
James Vaughan,100000.0,USL1,Richmond Kickers
Jonathan Gomez,0.0,USL1,Richmond Kickers
Hayden Anderson,100000.0,USL1,Richmond Kickers
Matt Bolduc,75000.0,USL1,Richmond Kickers
Adrian Billhardt,125000.0,USL1,Richmond Kickers
Landon Johnson,50000.0,USL1,Richmond Kickers
Chandler O'Dwyer,175000.0,USL1,Richmond Kickers
Josh Kirkland,150000.0,USL1,Richmond Kickers
Darwin Espinal,150000.0,USL1,Richmond Kickers
Emiliano Terzaghi,125000.0,USL1,Richmond Kickers
Nick Sarantakos,0.0,USL1,Richmond Kickers
Jason Smith,100000.0,USL1,Chattanooga Red Wolves Sc
Ricardo Jérez,10000.0,USL1,Chattanooga Red Wolves Sc
Kimball Jackson,75000.0,USL1,Chattanooga Red Wolves Sc
Yanis Lelin,0.0,USL1,Chattanooga Red Wolves Sc
Declan Watters,150000.0,USL1,Chattanooga Red Wolves Sc
Eric Kinzner,125000.0,USL1,Chattanooga Red Wolves Sc
Tobi Jnohope,75000.0,USL1,Chattanooga Red Wolves Sc
Jordan Ayimbila,125000.0,USL1,Chattanooga Red Wolves Sc
Pedro Hernandez,150000.0,USL1,Chattanooga Red Wolves Sc
Owen Green,125000.0,USL1,Chattanooga Red Wolves Sc
Alhassan Alhassan,50000.0,USL1,Chattanooga Red Wolves Sc
Ualefi Reis,150000.0,USL1,Chattanooga Red Wolves Sc
Michael Knapp,100000.0,USL1,Chattanooga Red Wolves Sc
Wynand Wessels,0.0,USL1,Chattanooga Red Wolves Sc
Gharett Morris,0.0,USL1,Chattanooga Red Wolves Sc
Omar Hernandez,125000.0,USL1,Chattanooga Red Wolves Sc
Omar Gómez,75000.0,USL1,Chattanooga Red Wolves Sc
Joshua Ramos,100000.0,USL1,Chattanooga Red Wolves Sc
Jonathan Filipe,100000.0,USL1,Chattanooga Red Wolves Sc
Matt Bentley,150000.0,USL1,Chattanooga Red Wolves Sc
Zahir Vazquez,100000.0,USL1,Chattanooga Red Wolves Sc
Greyson Mercer,0.0,USL1,Chattanooga Red Wolves Sc
Bernd Schipmann,150000.0,USL1,Forward Madison Fc
Wallis Lapsley,75000.0,USL1,Forward Madison Fc
Owen Finnerty,0.0,USL1,Forward Madison Fc
Timmy Mehl,175000.0,USL1,Forward Madison Fc
Mitch Osmond,150000.0,USL1,Forward Madison Fc
Michael Chilaka,125000.0,USL1,Forward Madison Fc
Jake Crull,175000.0,USL1,Forward Madison Fc
Damià Viader,150000.0,USL1,Forward Madison Fc
Ferrety Sousa,75000.0,USL1,Forward Madison Fc
Jackson Dietrich,125000.0,USL1,Forward Madison Fc
Riley Binns,0.0,USL1,Forward Madison Fc
John Murphy Jr.,150000.0,USL1,Forward Madison Fc
José Carrera-García,150000.0,USL1,Forward Madison Fc
Aiden Mesias,125000.0,USL1,Forward Madison Fc
Devin Boyce,175000.0,USL1,Forward Madison Fc
Christopher Garcia,100000.0,USL1,Forward Madison Fc
Nico Brown,150000.0,USL1,Forward Madison Fc
Nazeem Bartman,125000.0,USL1,Forward Madison Fc
Derek Gebhard,200000.0,USL1,Forward Madison Fc
Garrett McLaughlin,175000.0,USL1,Forward Madison Fc
Juan Galindrez,150000.0,USL1,Forward Madison Fc
Adrien Graffin,25000.0,USL1,Forward Madison Fc
Lucca Dourado,0.0,USL1,Forward Madison Fc
Dane Jacomen,100000.0,USL1,Westchester Sc
Andrew Hammersley,0.0,USL1,Westchester Sc
Rashid Tetteh,125000.0,USL1,Westchester Sc
Tobi Adewole,100000.0,USL1,Westchester Sc
Andrew Jean-Baptiste,100000.0,USL1,Westchester Sc
Bobby Pierre,75000.0,USL1,Westchester Sc
Sebastián Palma,50000.0,USL1,Westchester Sc
Noah Powder,175000.0,USL1,Westchester Sc
Josh Drack,100000.0,USL1,Westchester Sc
Kemar Lawrence,100000.0,USL1,Westchester Sc
Stephen Payne,150000.0,USL1,Westchester Sc
Joel Johnson,125000.0,USL1,Westchester Sc
Conor McGlynn,150000.0,USL1,Westchester Sc
Ermin Mackic,25000.0,USL1,Westchester Sc
Samuel Greenberg,0.0,USL1,Westchester Sc
Daniel Bouman,100000.0,USL1,Westchester Sc
Jonathan Bolanos,150000.0,USL1,Westchester Sc
Bryan Vasquez,0.0,USL1,Westchester Sc
Dean Guezen,100000.0,USL1,Westchester Sc
Prince Saydee,100000.0,USL1,Westchester Sc
Mink Peeters,50000.0,USL1,Westchester Sc
Juan Carlos Obregon,250000.0,USL1,Westchester Sc
Samory Powder,100000.0,USL1,Westchester Sc
Koen Blommestijn,100000.0,USL1,Westchester Sc
Jake McGuire,200000.0,USLC,North Carolina Fc
Akira Fitzgerald,50000.0,USLC,North Carolina Fc
Trevor Mulqueen,25000.0,USLC,North Carolina Fc
Conor Donovan,300000.0,USLC,North Carolina Fc
Bryce Washington,175000.0,USLC,North Carolina Fc
Paco Craig,150000.0,USLC,North Carolina Fc
Justin Malou,125000.0,USLC,North Carolina Fc
Finn Sundstrom,0.0,USLC,North Carolina Fc
Ezra Armstrong,150000.0,USLC,North Carolina Fc
Triston Hodge,125000.0,USLC,North Carolina Fc
Patrick Burner,200000.0,USLC,North Carolina Fc
Raheem Somersall,150000.0,USLC,North Carolina Fc
Jayson Quintanilla,0.0,USLC,North Carolina Fc
Pedro Dolabella,250000.0,USLC,North Carolina Fc
Mikey Maldonado,250000.0,USLC,North Carolina Fc
Louis Perez,200000.0,USLC,North Carolina Fc
Collin Martin,175000.0,USLC,North Carolina Fc
Rodrigo Da Costa,200000.0,USLC,North Carolina Fc
Rafa Mentzingen,200000.0,USLC,North Carolina Fc
Ahmad Al-Qaq,100000.0,USLC,North Carolina Fc
Jaden Servania,150000.0,USLC,North Carolina Fc
Evan Conway,250000.0,USLC,North Carolina Fc
Oalex Anderson,200000.0,USLC,North Carolina Fc
Adam Luckhurst,0.0,USLC,North Carolina Fc
Bill Hamid,100000.0,USLC,Miami Fc
Rafael Martell,0.0,USLC,Miami Fc
Victor Arana,0.0,USLC,Miami Fc
Daltyn Knutson,200000.0,USLC,Miami Fc
Tulu,100000.0,USLC,Miami Fc
Alejandro Mitrano,150000.0,USLC,Miami Fc
Nicolás Cardona,200000.0,USLC,Miami Fc
Jonathan Ricketts,175000.0,USLC,Miami Fc
Aaron Acloque,10000.0,USLC,Miami Fc
Bolu Akinyode,200000.0,USLC,Miami Fc
Diego Mercado,125000.0,USLC,Miami Fc
Ignacio Jiménez,0.0,USLC,Miami Fc
Tobias Mas,0.0,USLC,Miami Fc
Matías Romero,175000.0,USLC,Miami Fc
Deian Verón,100000.0,USLC,Miami Fc
Gerald Díaz,75000.0,USLC,Miami Fc
Francesco Celeste,100000.0,USLC,Miami Fc
Allen Gavilanes,250000.0,USLC,Miami Fc
Cristian Vázquez,175000.0,USLC,Miami Fc
Tobías Zárate,125000.0,USLC,Miami Fc
Sebastián Blanco,100000.0,USLC,Miami Fc
Felipe Rodríguez,100000.0,USLC,Miami Fc
Brandon Bent,0.0,USLC,Miami Fc
Francisco Bonfiglio,200000.0,USLC,Miami Fc
Lucas Melano,125000.0,USLC,Miami Fc
Michael Lawrence,75000.0,USLC,Miami Fc
Ricardo Rivera,50000.0,USLC,Miami Fc
Kevin Hoyos,50000.0,USLC,Miami Fc
Antony Siaha,100000.0,USLC,Hartford Athletic
Justin DiCarlo,0.0,USLC,Hartford Athletic
Jordan Scarlett,200000.0,USLC,Hartford Athletic
Joe Farrell,175000.0,USLC,Hartford Athletic
Adrián Diz,175000.0,USLC,Hartford Athletic
Emmanuel Samadia,150000.0,USLC,Hartford Athletic
TJ Presthus,25000.0,USLC,Hartford Athletic
Sebastian Anderson,200000.0,USLC,Hartford Athletic
Samuel Careaga,250000.0,USLC,Hartford Athletic
Junior Moreira,350000.0,USLC,Hartford Athletic
Jack Panayotou,175000.0,USLC,Hartford Athletic
Beverly Makangila,150000.0,USLC,Hartford Athletic
Deshane Beckford,150000.0,USLC,Hartford Athletic
Kyle Edwards,125000.0,USLC,Hartford Athletic
Adewale Obalola,150000.0,USLC,Hartford Athletic
Marlon Hairston,150000.0,USLC,Hartford Athletic
Jonathan Jiménez,125000.0,USLC,Hartford Athletic
Michee Ngalina,275000.0,USLC,Hartford Athletic
Mamadou Dieng,200000.0,USLC,Hartford Athletic
Kauan Ribeiro,0.0,USLC,Hartford Athletic
Spencer Gordon,0.0,USLC,Hartford Athletic
Damian Las,250000.0,USLC,Louisville City Fc
Daniel Faundez,50000.0,USLC,Louisville City Fc
Ryan Troutman,25000.0,USLC,Louisville City Fc
Hayden Stamps,0.0,USLC,Louisville City Fc
Brandon Dayes,0.0,USLC,Louisville City Fc
Arturo Ordóñez,300000.0,USLC,Louisville City Fc
Kyle Adams,300000.0,USLC,Louisville City Fc
Sean Totsch,150000.0,USLC,Louisville City Fc
Josh Jones,0.0,USLC,Louisville City Fc
Amadou Dia,200000.0,USLC,Louisville City Fc
Sam Gleadle,200000.0,USLC,Louisville City Fc
Jake Morris,175000.0,USLC,Louisville City Fc
Manny Perez,300000.0,USLC,Louisville City Fc
Aiden McFadden,200000.0,USLC,Louisville City Fc
Jansen Wilson,250000.0,USLC,Louisville City Fc
Kevon Lambert,200000.0,USLC,Louisville City Fc
Evan Davila,75000.0,USLC,Louisville City Fc
Taylor Davila,350000.0,USLC,Louisville City Fc
Zach Duncan,250000.0,USLC,Louisville City Fc
Carlos Moguel Jr.,125000.0,USLC,Louisville City Fc
Niall McCabe,75000.0,USLC,Louisville City Fc
Ray Serrano,400000.0,USLC,Louisville City Fc
Adrien Pérez,250000.0,USLC,Louisville City Fc
Brian Ownby,50000.0,USLC,Louisville City Fc
Phillip Goodrum,300000.0,USLC,Louisville City Fc
Issac Cano,50000.0,USLC,Louisville City Fc
Patrick Rakovsky,125000.0,USLC,Phoenix Rising Fc
Triston Henry,100000.0,USLC,Phoenix Rising Fc
Jan Villegas,0.0,USLC,Phoenix Rising Fc
Pape Boye,200000.0,USLC,Phoenix Rising Fc
Ascel Essengue,25000.0,USLC,Phoenix Rising Fc
Braxton Montgomery,0.0,USLC,Phoenix Rising Fc
Mohamed Traore,200000.0,USLC,Phoenix Rising Fc
Harvey Neville,175000.0,USLC,Phoenix Rising Fc
Ryan Flood,100000.0,USLC,Phoenix Rising Fc
Collin Smith,200000.0,USLC,Phoenix Rising Fc
Noble Okello,200000.0,USLC,Phoenix Rising Fc
Carl Sainté,150000.0,USLC,Phoenix Rising Fc
Giulio Doratiotto,150000.0,USLC,Phoenix Rising Fc
Pierce Rizzo,0.0,USLC,Phoenix Rising Fc
JP Scearce,175000.0,USLC,Phoenix Rising Fc
Alex Araneda,0.0,USLC,Phoenix Rising Fc
Jamison Ping,0.0,USLC,Phoenix Rising Fc
Charlie Dennis,175000.0,USLC,Phoenix Rising Fc
Emil Cuello,175000.0,USLC,Phoenix Rising Fc
Hope Avayevu,150000.0,USLC,Phoenix Rising Fc
Damián Rivera,300000.0,USLC,Phoenix Rising Fc
Darius Johnson,175000.0,USLC,Phoenix Rising Fc
Jearl Margaritha,400000.0,USLC,Phoenix Rising Fc
Dariusz Formella,250000.0,USLC,Phoenix Rising Fc
Ihsan Sacko,300000.0,USLC,Phoenix Rising Fc
Rémi Cabral,300000.0,USLC,Phoenix Rising Fc
Anthony Capetillo,0.0,USLC,Phoenix Rising Fc
Zach Da Silva,0.0,USLC,Phoenix Rising Fc
Colin Shutler,150000.0,USLC,Orange County Sc
Tetsuya Kadono,0.0,USLC,Orange County Sc
Fernando Aguirre,0.0,USLC,Orange County Sc
Ashton Miles,175000.0,USLC,Orange County Sc
Tom Brewitt,150000.0,USLC,Orange County Sc
Nico Benalcázar,125000.0,USLC,Orange County Sc
Vuk Latinovic,100000.0,USLC,Orange County Sc
Pedro Guimaraes,250000.0,USLC,Orange County Sc
Ryan Doghman,200000.0,USLC,Orange County Sc
Koa Santos,150000.0,USLC,Orange County Sc
Grayson Doody,125000.0,USLC,Orange County Sc
Kevin Partida,150000.0,USLC,Orange County Sc
Oliver Kurnik,0.0,USLC,Orange County Sc
Chris Hegardt,200000.0,USLC,Orange County Sc
Kyle Scott,175000.0,USLC,Orange County Sc
Gavin Karam,0.0,USLC,Orange County Sc
Roberto Molina,125000.0,USLC,Orange County Sc
Cameron Dunbar,200000.0,USLC,Orange County Sc
Ousmane Sylla,125000.0,USLC,Orange County Sc
Bryce Jamison,450000.0,USLC,Orange County Sc
Benjamin Barjolo,150000.0,USLC,Orange County Sc
Lyam MacKinnon,300000.0,USLC,Orange County Sc
Ethan Zubak,250000.0,USLC,Orange County Sc
Tristan Trager,175000.0,USLC,Orange County Sc
Mouhamadou War,75000.0,USLC,Orange County Sc
Danny Vitiello,250000.0,USLC,Sacramento Republic Fc
Jared Mazzola,100000.0,USLC,Sacramento Republic Fc
Jackson Montero,0.0,USLC,Sacramento Republic Fc
Jared Timmer,250000.0,USLC,Sacramento Republic Fc
Freddy Kleemann,250000.0,USLC,Sacramento Republic Fc
Lee Desmond,150000.0,USLC,Sacramento Republic Fc
Chibuike Ukaegbu,150000.0,USLC,Sacramento Republic Fc
Michelle Benítez,450000.0,USLC,Sacramento Republic Fc
Ryan Spaulding,300000.0,USLC,Sacramento Republic Fc
Dominik Wanner,100000.0,USLC,Sacramento Republic Fc
Jack Gurr,300000.0,USLC,Sacramento Republic Fc
Aaron Edwards,0.0,USLC,Sacramento Republic Fc
Luís Felipe,250000.0,USLC,Sacramento Republic Fc
Rayan Djédjé,125000.0,USLC,Sacramento Republic Fc
Justin Portillo,125000.0,USLC,Sacramento Republic Fc
Nick Ross,100000.0,USLC,Sacramento Republic Fc
Rodrigo López,75000.0,USLC,Sacramento Republic Fc
Tag Chalmers,0.0,USLC,Sacramento Republic Fc
Diego Mellado,0.0,USLC,Sacramento Republic Fc
Blake Willey,150000.0,USLC,Sacramento Republic Fc
Cristian Parano,175000.0,USLC,Sacramento Republic Fc
Russell Cicerone,300000.0,USLC,Sacramento Republic Fc
Trevor Amann,200000.0,USLC,Sacramento Republic Fc
Sebastián Herrera,175000.0,USLC,Sacramento Republic Fc
Lewis Jamieson,175000.0,USLC,Sacramento Republic Fc
Da'vian Kimbrough,0.0,USLC,Sacramento Republic Fc
Jackson Martin,0.0,USLC,Sacramento Republic Fc
Jayden Fitzgerald Boes,0.0,USLC,Sacramento Republic Fc
Trevor Spangenberg,75000.0,USLC,Birmingham Legion Fc
Matt Van Oekel,50000.0,USLC,Birmingham Legion Fc
Fernando Delgado,0.0,USLC,Birmingham Legion Fc
Phanuel Kavita,175000.0,USLC,Birmingham Legion Fc
Tiago,125000.0,USLC,Birmingham Legion Fc
Ethan Kos,75000.0,USLC,Birmingham Legion Fc
Ramiz Hamouda,250000.0,USLC,Birmingham Legion Fc
AJ Paterson,125000.0,USLC,Birmingham Legion Fc
Moses Mensah,125000.0,USLC,Birmingham Legion Fc
Stephen Turnbull,200000.0,USLC,Birmingham Legion Fc
Jake Rufe,175000.0,USLC,Birmingham Legion Fc
Kobe Hernández-Foster,300000.0,USLC,Birmingham Legion Fc
Edwin Laszo,175000.0,USLC,Birmingham Legion Fc
Ereku Temitayo,25000.0,USLC,Birmingham Legion Fc
Finn Calloway,0.0,USLC,Birmingham Legion Fc
Sam McIllhatton,75000.0,USLC,Birmingham Legion Fc
Danny Trejo,300000.0,USLC,Birmingham Legion Fc
Dawson McCartney,175000.0,USLC,Birmingham Legion Fc
Enzo Martinez,100000.0,USLC,Birmingham Legion Fc
Roman Torres,100000.0,USLC,Birmingham Legion Fc
Tyler Pasher,300000.0,USLC,Birmingham Legion Fc
Preston Etaka,200000.0,USLC,Birmingham Legion Fc
Sebastian Tregarthen,75000.0,USLC,Birmingham Legion Fc
Ronaldo Damus,350000.0,USLC,Birmingham Legion Fc
Eric Dick,200000.0,USLC,Pittsburgh Riverhounds Sc
Ben Martino,75000.0,USLC,Pittsburgh Riverhounds Sc
Jacob Randolph,50000.0,USLC,Pittsburgh Riverhounds Sc
Guillaume Vacter,0.0,USLC,Pittsburgh Riverhounds Sc
Sean Suber,175000.0,USLC,Pittsburgh Riverhounds Sc
Luke Biasi,175000.0,USLC,Pittsburgh Riverhounds Sc
Illal Osumanu,150000.0,USLC,Pittsburgh Riverhounds Sc
Beto Ydrach,125000.0,USLC,Pittsburgh Riverhounds Sc
Brunallergene Junior Etou,175000.0,USLC,Pittsburgh Riverhounds Sc
Perrin Barnes,75000.0,USLC,Pittsburgh Riverhounds Sc
Max Broughton,50000.0,USLC,Pittsburgh Riverhounds Sc
Jackson Wälti,200000.0,USLC,Pittsburgh Riverhounds Sc
Bradley Sample,150000.0,USLC,Pittsburgh Riverhounds Sc
Danny Griffin,200000.0,USLC,Pittsburgh Riverhounds Sc
Aidan O'Toole,100000.0,USLC,Pittsburgh Riverhounds Sc
Robbie Mertz,250000.0,USLC,Pittsburgh Riverhounds Sc
Jorge Garcia,50000.0,USLC,Pittsburgh Riverhounds Sc
Charles Ahl,0.0,USLC,Pittsburgh Riverhounds Sc
Jason Bouregy,75000.0,USLC,Pittsburgh Riverhounds Sc
Pablo Linzoain,0.0,USLC,Pittsburgh Riverhounds Sc
Bertin Jacquesson,175000.0,USLC,Pittsburgh Riverhounds Sc
Augustine Williams,250000.0,USLC,Pittsburgh Riverhounds Sc
Brigham Larsen,0.0,USLC,Pittsburgh Riverhounds Sc
Raiko Arozarena,200000.0,USLC,Las Vegas Lights Fc
Nicholas Ammeter,150000.0,USLC,Las Vegas Lights Fc
Carver Miller,0.0,USLC,Las Vegas Lights Fc
Elias Gärtig,200000.0,USLC,Las Vegas Lights Fc
Maliek Howell,175000.0,USLC,Las Vegas Lights Fc
Nate Jones,100000.0,USLC,Las Vegas Lights Fc
Jack Singer,75000.0,USLC,Las Vegas Lights Fc
Turner Humphrey,0.0,USLC,Las Vegas Lights Fc
Gennaro Nigro,200000.0,USLC,Las Vegas Lights Fc
Gaoussou Samaké,200000.0,USLC,Las Vegas Lights Fc
Joe Gyau,150000.0,USLC,Las Vegas Lights Fc
Shawn Smart,175000.0,USLC,Las Vegas Lights Fc
Younes Boudadi,175000.0,USLC,Las Vegas Lights Fc
Shaft Brewer Jr.,100000.0,USLC,Las Vegas Lights Fc
Daouda Peeters,250000.0,USLC,Las Vegas Lights Fc
Valentin Noël,300000.0,USLC,Las Vegas Lights Fc
Rory O'Driscoll,150000.0,USLC,Las Vegas Lights Fc
Christopher Pearson,75000.0,USLC,Las Vegas Lights Fc
Christian Pinzón,150000.0,USLC,Las Vegas Lights Fc
Patrick Leal,100000.0,USLC,Las Vegas Lights Fc
Edison Azcona,200000.0,USLC,Las Vegas Lights Fc
Coleman Gannon,125000.0,USLC,Las Vegas Lights Fc
Vaughn Covil,125000.0,USLC,Las Vegas Lights Fc
Johnny Rodriguez,250000.0,USLC,Las Vegas Lights Fc
Nighte Pickering,125000.0,USLC,Las Vegas Lights Fc
Richard Sánchez,100000.0,USLC,San Antonio Fc
Joseph Batrouni,0.0,USLC,San Antonio Fc
Daniel Namani,0.0,USLC,San Antonio Fc
Brandon Gongora,0.0,USLC,San Antonio Fc
Sebastian Seiterle,0.0,USLC,San Antonio Fc
Alex Crognale,275000.0,USLC,San Antonio Fc
Mitchell Taintor,250000.0,USLC,San Antonio Fc
Alexis Souahy,200000.0,USLC,San Antonio Fc
Jimmy Medranda,300000.0,USLC,San Antonio Fc
Nelson Flores,175000.0,USLC,San Antonio Fc
Rece Buckmaster,300000.0,USLC,San Antonio Fc
Shannon Gómez,125000.0,USLC,San Antonio Fc
Dyllan Mendoza,0.0,USLC,San Antonio Fc
Mohamed Omar,200000.0,USLC,San Antonio Fc
Nicky Hernandez,175000.0,USLC,San Antonio Fc
Almir Soto,150000.0,USLC,San Antonio Fc
Juan Osorio,150000.0,USLC,San Antonio Fc
Lucio Berron,75000.0,USLC,San Antonio Fc
Dmitriy Erofeev,50000.0,USLC,San Antonio Fc
Jorge Hernández,400000.0,USLC,San Antonio Fc
Luke Haakenson,275000.0,USLC,San Antonio Fc
Diogo Pacheco,125000.0,USLC,San Antonio Fc
Jake LaCava,200000.0,USLC,San Antonio Fc
Luis Paredes,175000.0,USLC,San Antonio Fc
Alex Greive,300000.0,USLC,San Antonio Fc
Juan Agudelo,175000.0,USLC,San Antonio Fc
Koke Vegas,200000.0,USLC,Rhode Island Fc
Jackson Lee,100000.0,USLC,Rhode Island Fc
Will Meyer,0.0,USLC,Rhode Island Fc
Grant Stoneman,250000.0,USLC,Rhode Island Fc
Karifa Yao,250000.0,USLC,Rhode Island Fc
Aimé Mabika,200000.0,USLC,Rhode Island Fc
Frank Nodarse,200000.0,USLC,Rhode Island Fc
Rio Hope-Gund,125000.0,USLC,Rhode Island Fc
Hugo Bacharach,25000.0,USLC,Rhode Island Fc
Cole Dewhurst,0.0,USLC,Rhode Island Fc
Aldair Sanchez,175000.0,USLC,Rhode Island Fc
Dani Rovira,125000.0,USLC,Rhode Island Fc
Marc Ybarra,200000.0,USLC,Rhode Island Fc
Kevin Vang,25000.0,USLC,Rhode Island Fc
Maxi Rodriguez,250000.0,USLC,Rhode Island Fc
Clay Holstad,200000.0,USLC,Rhode Island Fc
Zachary Herivaux,150000.0,USLC,Rhode Island Fc
Taimu Okiyoshi,100000.0,USLC,Rhode Island Fc
Amos Shapiro-Thompson,50000.0,USLC,Rhode Island Fc
Isaac Angking,50000.0,USLC,Rhode Island Fc
Jojea Kwizera,250000.0,USLC,Rhode Island Fc
Joe Brito,150000.0,USLC,Rhode Island Fc
JJ Williams,300000.0,USLC,Rhode Island Fc
Albert Dikwa,300000.0,USLC,Rhode Island Fc
Noah Fuson,250000.0,USLC,Rhode Island Fc
Christian Herrera,175000.0,USLC,Colorado Springs Switchbacks Fc
Abraham Romero,175000.0,USLC,Colorado Springs Switchbacks Fc
Jonathan Burke,0.0,USLC,Colorado Springs Switchbacks Fc
Garven Metusala,150000.0,USLC,Colorado Springs Switchbacks Fc
Matt Real,250000.0,USLC,Colorado Springs Switchbacks Fc
Akeem Ward,200000.0,USLC,Colorado Springs Switchbacks Fc
Duke Lacroix,175000.0,USLC,Colorado Springs Switchbacks Fc
Isaiah Foster,100000.0,USLC,Colorado Springs Switchbacks Fc
Matt Mahoney,300000.0,USLC,Colorado Springs Switchbacks Fc
Herbert Endeley,175000.0,USLC,Colorado Springs Switchbacks Fc
Henry Weston,0.0,USLC,Colorado Springs Switchbacks Fc
Charlie Adams,250000.0,USLC,Colorado Springs Switchbacks Fc
Aidan Rocha,150000.0,USLC,Colorado Springs Switchbacks Fc
Marco Rios,50000.0,USLC,Colorado Springs Switchbacks Fc
Steven Echevarria,125000.0,USLC,Colorado Springs Switchbacks Fc
Chase Gozdieski,0.0,USLC,Colorado Springs Switchbacks Fc
Anthony Fontana,300000.0,USLC,Colorado Springs Switchbacks Fc
Marco Micaletto,275000.0,USLC,Colorado Springs Switchbacks Fc
Zach Zandi,175000.0,USLC,Colorado Springs Switchbacks Fc
Alessandro Maldonado,0.0,USLC,Colorado Springs Switchbacks Fc
Levonte Johnson,200000.0,USLC,Colorado Springs Switchbacks Fc
Quenzi Huerman,150000.0,USLC,Colorado Springs Switchbacks Fc
Yosuke Hanya,300000.0,USLC,Colorado Springs Switchbacks Fc
Jonas Fjeldberg,175000.0,USLC,Colorado Springs Switchbacks Fc
Justin Dhillon,250000.0,USLC,Colorado Springs Switchbacks Fc
Juan Tejada,200000.0,USLC,Colorado Springs Switchbacks Fc
Nico Campuzano,100000.0,USLC,Monterey Bay Fc
Dallas Odle,0.0,USLC,Monterey Bay Fc
Samuel Gomez,0.0,USLC,Monterey Bay Fc
Nico Gordon,200000.0,USLC,Monterey Bay Fc
Jacob Muir,125000.0,USLC,Monterey Bay Fc
Alex Lara,125000.0,USLC,Monterey Bay Fc
Grant Robinson,150000.0,USLC,Monterey Bay Fc
Sami Fouad Guediri,100000.0,USLC,Monterey Bay Fc
Carlos Guzmán,200000.0,USLC,Monterey Bay Fc
Miles Lyons,200000.0,USLC,Monterey Bay Fc
Joel Garcia,125000.0,USLC,Monterey Bay Fc
Mobi Fehr,150000.0,USLC,Monterey Bay Fc
Pierce Gallaway,150000.0,USLC,Monterey Bay Fc
Wesley Fonguck,0.0,USLC,Monterey Bay Fc
Xavi Gnaulati,250000.0,USLC,Monterey Bay Fc
Adrian Rebollar,200000.0,USLC,Monterey Bay Fc
Ethan Bryant,125000.0,USLC,Monterey Bay Fc
Alex Dixon,100000.0,USLC,Monterey Bay Fc
Adam Larsson,200000.0,USLC,Monterey Bay Fc
Ilijah Paul,200000.0,USLC,Monterey Bay Fc
Anton Søjberg,200000.0,USLC,Monterey Bay Fc
Mayele Malango,175000.0,USLC,Monterey Bay Fc
Luke Ivanovic,175000.0,USLC,Monterey Bay Fc
Diego Gutiérrez,150000.0,USLC,Monterey Bay Fc
Luther Archimède,100000.0,USLC,Monterey Bay Fc
Kendall McIntosh,125000.0,USLC,Oakland Roots Sc
Raphael Spiegel,125000.0,USLC,Oakland Roots Sc
Timothy Syrel,25000.0,USLC,Oakland Roots Sc
Thomas Camier,0.0,USLC,Oakland Roots Sc
Camden Riley,175000.0,USLC,Oakland Roots Sc
Neveal Hackshaw,175000.0,USLC,Oakland Roots Sc
Gagi Margvelashvili,125000.0,USLC,Oakland Roots Sc
Kai Greene,125000.0,USLC,Oakland Roots Sc
Julian Bravo,100000.0,USLC,Oakland Roots Sc
Justin Rasmussen,200000.0,USLC,Oakland Roots Sc
Baboucarr Njie,150000.0,USLC,Oakland Roots Sc
Abdi Mohamed,150000.0,USLC,Oakland Roots Sc
Ilya Alekseev,100000.0,USLC,Oakland Roots Sc
Daniel Gomez,175000.0,USLC,Oakland Roots Sc
Tomás Caminos,0.0,USLC,Oakland Roots Sc
Javier Bedolla-Vera,0.0,USLC,Oakland Roots Sc
Tyler Gibson,100000.0,USLC,Oakland Roots Sc
Bobosi Byaruhanga,100000.0,USLC,Oakland Roots Sc
Wolfgang Prentice,250000.0,USLC,Oakland Roots Sc
Panagiotis Armenakas,200000.0,USLC,Oakland Roots Sc
Ali Elmasnaouy,0.0,USLC,Oakland Roots Sc
José Sinisterra,200000.0,USLC,Oakland Roots Sc
Jürgen Damm,200000.0,USLC,Oakland Roots Sc
Emmanuel Johnson,100000.0,USLC,Oakland Roots Sc
Peter Wilson,175000.0,USLC,Oakland Roots Sc
Juan Sanchez,0.0,USLC,Oakland Roots Sc
Julio Martinez,0.0,USLC,Oakland Roots Sc
Luis Saldaña,0.0,USLC,Oakland Roots Sc
Nicolás Campisi,300000.0,USLC,Tampa Bay Rowdies
Ethan Bandré,25000.0,USLC,Tampa Bay Rowdies
Caleb Klepacz,0.0,USLC,Tampa Bay Rowdies
Laurence Wyke,250000.0,USLC,Tampa Bay Rowdies
Robert Castellanos,200000.0,USLC,Tampa Bay Rowdies
Forrest Lasso,175000.0,USLC,Tampa Bay Rowdies
Thomas Vancaeyezeele,125000.0,USLC,Tampa Bay Rowdies
Aarón Guillén,200000.0,USLC,Tampa Bay Rowdies
Joey Skinner,50000.0,USLC,Tampa Bay Rowdies
Mateus de Jesus,0.0,USLC,Tampa Bay Rowdies
Cammy MacPherson,350000.0,USLC,Tampa Bay Rowdies
Danny Crisostomo,250000.0,USLC,Tampa Bay Rowdies
Lewis Hilton,150000.0,USLC,Tampa Bay Rowdies
Nate Worth,150000.0,USLC,Tampa Bay Rowdies
Blake Bodily,200000.0,USLC,Tampa Bay Rowdies
Leo Fernandes,100000.0,USLC,Tampa Bay Rowdies
Ollie Bassett,300000.0,USLC,Tampa Bay Rowdies
Pacifique Niyongabire,200000.0,USLC,Tampa Bay Rowdies
Nick Moon,150000.0,USLC,Tampa Bay Rowdies
Manuel Arteaga,250000.0,USLC,Tampa Bay Rowdies
Woobens Pacius,250000.0,USLC,Tampa Bay Rowdies
Endri Mustali,0.0,USLC,Tampa Bay Rowdies
Alex Rodriguez,0.0,USLC,Tampa Bay Rowdies
Alexander Tambakis,150000.0,USLC,New Mexico United
Kris Shakes,25000.0,USLC,New Mexico United
Ford Parker,0.0,USLC,New Mexico United
Djibril Doumbia,0.0,USLC,New Mexico United
Kyle Hofmann,0.0,USLC,New Mexico United
Talen Maples,200000.0,USLC,New Mexico United
Anthony Herbert,150000.0,USLC,New Mexico United
Kalen Ryden,125000.0,USLC,New Mexico United
Jackson DuBois,25000.0,USLC,New Mexico United
Chris Gloster,250000.0,USLC,New Mexico United
Jaylin Lindsey,500000.0,USLC,New Mexico United
Gedion Zelalem,200000.0,USLC,New Mexico United
Zico Bailey,200000.0,USLC,New Mexico United
Ousman Jabang,100000.0,USLC,New Mexico United
Jace Sais,0.0,USLC,New Mexico United
Will Seymore,125000.0,USLC,New Mexico United
Tomas Pondeca,75000.0,USLC,New Mexico United
Marlon Vargas,200000.0,USLC,New Mexico United
Sergio Rivas,175000.0,USLC,New Mexico United
Fernando,250000.0,USLC,New Mexico United
Derek Lozano-Villa,0.0,USLC,New Mexico United
McKinze Gaines,350000.0,USLC,New Mexico United
Mukwelle Akale,200000.0,USLC,New Mexico United
Dayonn Harris,125000.0,USLC,New Mexico United
Greg Hurst,300000.0,USLC,New Mexico United
Thomas Amang,150000.0,USLC,New Mexico United
Daniel Bruce,125000.0,USLC,New Mexico United
Johan Peñaranda,150000.0,USLC,Fc Tulsa
Bryan Dowd,75000.0,USLC,Fc Tulsa
Michael Creek,50000.0,USLC,Fc Tulsa
Abdoulaye Cissoko,275000.0,USLC,Fc Tulsa
Lamar Batista,250000.0,USLC,Fc Tulsa
Delentz Pierre,100000.0,USLC,Fc Tulsa
Patrick Seagrist,200000.0,USLC,Fc Tulsa
Arthur Rogers,250000.0,USLC,Fc Tulsa
Harvey St Clair,175000.0,USLC,Fc Tulsa
Owen Damm,150000.0,USLC,Fc Tulsa
Lucas Stauffer,125000.0,USLC,Fc Tulsa
Jamie Webber,500000.0,USLC,Fc Tulsa
Giordano Colli,300000.0,USLC,Fc Tulsa
Marcos Serrato,200000.0,USLC,Fc Tulsa
Boubacar Diallo,175000.0,USLC,Fc Tulsa
Andrew Booth,150000.0,USLC,Fc Tulsa
Kalil ElMedkhar,250000.0,USLC,Fc Tulsa
Alex Dalou,150000.0,USLC,Fc Tulsa
Faysal Bettache,150000.0,USLC,Fc Tulsa
Stefan Lukic,125000.0,USLC,Fc Tulsa
Taylor Calheira,200000.0,USLC,Fc Tulsa
Al Hassan Touré,175000.0,USLC,Fc Tulsa
Stefan Stojanovic,150000.0,USLC,Fc Tulsa
Brooks Thompson,125000.0,USLC,Lexington Sc
Logan Ketterer,100000.0,USLC,Lexington Sc
Kendall Burks,200000.0,USLC,Lexington Sc
Daniel Barbir,200000.0,USLC,Lexington Sc
Gaël Gibert,125000.0,USLC,Lexington Sc
Daniel Wu,75000.0,USLC,Lexington Sc
Xavier Zengue,0.0,USLC,Lexington Sc
Kieran Sargeant,125000.0,USLC,Lexington Sc
Jacob Greene,100000.0,USLC,Lexington Sc
Michael Adedokun,0.0,USLC,Lexington Sc
Joe Hafferty,150000.0,USLC,Lexington Sc
Edrey Caceres,50000.0,USLC,Lexington Sc
Sofiane Djeffal,350000.0,USLC,Lexington Sc
Nick Firmino,200000.0,USLC,Lexington Sc
Devon Williams,125000.0,USLC,Lexington Sc
Yannick Yankam,200000.0,USLC,Lexington Sc
Eliot Goldthorp,100000.0,USLC,Lexington Sc
Braudílio Rodrigues,150000.0,USLC,Lexington Sc
Dylan Borczak,100000.0,USLC,Lexington Sc
Marcus Epps,275000.0,USLC,Lexington Sc
Milo Yosef,150000.0,USLC,Lexington Sc
Cory Burke,300000.0,USLC,Lexington Sc
Hugo Mbongue,250000.0,USLC,Lexington Sc
Cameron Lancaster,175000.0,USLC,Lexington Sc
Forster Ajago,150000.0,USLC,Lexington Sc
Sebastián Mora-Mora,200000.0,USLC,El Paso Locomotive Fc
Jahmali Waite,200000.0,USLC,El Paso Locomotive Fc
Marco Canales,0.0,USLC,El Paso Locomotive Fc
Kenneth Hoban,0.0,USLC,El Paso Locomotive Fc
Raul Vazquez,0.0,USLC,El Paso Locomotive Fc
Arturo Ortiz,300000.0,USLC,El Paso Locomotive Fc
Tony Alfaro,200000.0,USLC,El Paso Locomotive Fc
Wahab Ackwei,150000.0,USLC,El Paso Locomotive Fc
Noah Dollenmayer,125000.0,USLC,El Paso Locomotive Fc
Bryan Romero,100000.0,USLC,El Paso Locomotive Fc
Robert Coronado,200000.0,USLC,El Paso Locomotive Fc
Gabriel Torres,175000.0,USLC,El Paso Locomotive Fc
Memo Diaz,200000.0,USLC,El Paso Locomotive Fc
Álvaro Quezada,150000.0,USLC,El Paso Locomotive Fc
Kofi Twumasi,125000.0,USLC,El Paso Locomotive Fc
Eric Calvillo,200000.0,USLC,El Paso Locomotive Fc
Frank Daroma,175000.0,USLC,El Paso Locomotive Fc
Ricky Ruiz,200000.0,USLC,El Paso Locomotive Fc
Amando Moreno,250000.0,USLC,El Paso Locomotive Fc
Andy Cabrera,250000.0,USLC,El Paso Locomotive Fc
Tumi Moshobane,150000.0,USLC,El Paso Locomotive Fc
Beto Avila,225000.0,USLC,El Paso Locomotive Fc
Daniel Carter,200000.0,USLC,El Paso Locomotive Fc
Frank López,150000.0,USLC,El Paso Locomotive Fc
Emiliano Rodríguez,25000.0,USLC,El Paso Locomotive Fc
Omar Mora,0.0,USLC,El Paso Locomotive Fc
Axel Valdivia,0.0,USLC,El Paso Locomotive Fc
Carlos Herrera,125000.0,USLC,Detroit City Fc
Carlos Saldaña,75000.0,USLC,Detroit City Fc
Tatenda Mkuruva,0.0,USLC,Detroit City Fc
Shane Wiedt,200000.0,USLC,Detroit City Fc
Stephen Carroll,200000.0,USLC,Detroit City Fc
Michael Bryant,200000.0,USLC,Detroit City Fc
Devon Amoo-Mensah,200000.0,USLC,Detroit City Fc
Dominic Gasso,75000.0,USLC,Detroit City Fc
Alex Villanueva,250000.0,USLC,Detroit City Fc
Haruki Yamazaki,100000.0,USLC,Detroit City Fc
Rhys Williams,175000.0,USLC,Detroit City Fc
Morey Doner,150000.0,USLC,Detroit City Fc
Matthew Sheldon,100000.0,USLC,Detroit City Fc
Ryan Williams,125000.0,USLC,Detroit City Fc
Marcello Polisi,100000.0,USLC,Detroit City Fc
Jay Chapman,200000.0,USLC,Detroit City Fc
Abdoulaye Diop,125000.0,USLC,Detroit City Fc
Connor Rutz,175000.0,USLC,Detroit City Fc
Jeciel Cedeño,175000.0,USLC,Detroit City Fc
Darren Smith,375000.0,USLC,Detroit City Fc
Ben Morris,250000.0,USLC,Detroit City Fc
Ates Diouf,200000.0,USLC,Detroit City Fc
Jordan Adebayo-Smith,175000.0,USLC,Detroit City Fc
Sebastián Guenzatti,100000.0,USLC,Detroit City Fc
Hugo Fauroux,175000.0,USLC,Loudoun United Fc
Ryan Jack,0.0,USLC,Loudoun United Fc
Yanis Leerman,200000.0,USLC,Loudoun United Fc
Jacob Erlandson,150000.0,USLC,Loudoun United Fc
Keegan Tingey,175000.0,USLC,Loudoun United Fc
Kwame Awuah,175000.0,USLC,Loudoun United Fc
Robby Dambrot,125000.0,USLC,Loudoun United Fc
Alex Nagy,25000.0,USLC,Loudoun United Fc
Ethan Pendleton,0.0,USLC,Loudoun United Fc
Tommy McCabe,250000.0,USLC,Loudoun United Fc
Moses Nyeman,200000.0,USLC,Loudoun United Fc
Cole Turner,75000.0,USLC,Loudoun United Fc
Drew Skundrich,200000.0,USLC,Loudoun United Fc
Aaron Hurge,0.0,USLC,Loudoun United Fc
Surafel Dagnachew,25000.0,USLC,Loudoun United Fc
Abdellatif Aboukoura,350000.0,USLC,Loudoun United Fc
Florian Valot,200000.0,USLC,Loudoun United Fc
Ben Mines,200000.0,USLC,Loudoun United Fc
Pedro Santos,100000.0,USLC,Loudoun United Fc
Zach Ryan,275000.0,USLC,Loudoun United Fc
Wesley Leggett,200000.0,USLC,Loudoun United Fc
Riley Bidois,150000.0,USLC,Loudoun United Fc
Uriel Koffi,0.0,USLC,Loudoun United Fc
Luis Zamudio,150000.0,USLC,Charleston Battery
Christian Garner,75000.0,USLC,Charleston Battery
Daniel Kuzemka,25000.0,USLC,Charleston Battery
Enzo Mori,0.0,USLC,Charleston Battery
Graham Smith,300000.0,USLC,Charleston Battery
Leland Archer,250000.0,USLC,Charleston Battery
Michael Edwards,150000.0,USLC,Charleston Battery
Joey Akpunonu,125000.0,USLC,Charleston Battery
Nathan Dossantos,275000.0,USLC,Charleston Battery
Langston Blackstock,200000.0,USLC,Charleston Battery
Mark Segbers,200000.0,USLC,Charleston Battery
Aaron Molloy,350000.0,USLC,Charleston Battery
Chris Allan,250000.0,USLC,Charleston Battery
Diego Rodríguez,0.0,USLC,Charleston Battery
Houssou Landry,200000.0,USLC,Charleston Battery
Johnny Klein,250000.0,USLC,Charleston Battery
Juan Torres,350000.0,USLC,Charleston Battery
Arturo Rodriguez,300000.0,USLC,Charleston Battery
Emilio Ycaza,250000.0,USLC,Charleston Battery
Viggo Ortiz,0.0,USLC,Charleston Battery
Rubio Rubín,600000.0,USLC,Charleston Battery
Cal Jennings,450000.0,USLC,Charleston Battery
MD Myers,300000.0,USLC,Charleston Battery
Douglas Martínez,250000.0,USLC,Charleston Battery
Jackson Conway,150000.0,USLC,Charleston Battery
Hunter Sulte,150000.0,USLC,Indy Eleven
Reice Charles-Cook,25000.0,USLC,Indy Eleven
Ryan Hunsucker,0.0,USLC,Indy Eleven
Patrick Hogan,175000.0,USLC,Indy Eleven
Benjamin Ofeimu,175000.0,USLC,Indy Eleven
Josh O'Brien,100000.0,USLC,Indy Eleven
Finn McRobb,0.0,USLC,Indy Eleven
Maverick McCoy,0.0,USLC,Indy Eleven
Aedan Stanley,300000.0,USLC,Indy Eleven
Bruno Rendón,200000.0,USLC,Indy Eleven
Logan Neidlinger,100000.0,USLC,Indy Eleven
Hayden White,75000.0,USLC,Indy Eleven
Cam Lindley,200000.0,USLC,Indy Eleven
Aodhan Quinn,125000.0,USLC,Indy Eleven
Brem Soumaoro,125000.0,USLC,Indy Eleven
James Musa,125000.0,USLC,Indy Eleven
Jack Blake,250000.0,USLC,Indy Eleven
James Murphy,200000.0,USLC,Indy Eleven
Oliver Brynéus,25000.0,USLC,Indy Eleven
Maalique Foster,250000.0,USLC,Indy Eleven
Edward Kizza,250000.0,USLC,Indy Eleven
Romario Williams,200000.0,USLC,Indy Eleven
Elliot Collier,175000.0,USLC,Indy Eleven
Elvis Amoh,100000.0,USLC,Indy Eleven
