team_url,player_name,market_value,player_link
https://www.transfermarkt.us/north-carolina-fc/startseite/verein/11228/saison_id/2024,Jake McGuire,€200k,https://www.transfermarkt.us/jake-mcguire/profil/spieler/482650
https://www.transfermarkt.us/north-carolina-fc/startseite/verein/11228/saison_id/2024,Akira Fitzgerald,€50k,https://www.transfermarkt.us/akira-fitzgerald/profil/spieler/191921
https://www.transfermarkt.us/north-carolina-fc/startseite/verein/11228/saison_id/2024,Trevor Mulqueen,€25k,https://www.transfermarkt.us/trevor-mulqueen/profil/spieler/1119875
https://www.transfermarkt.us/north-carolina-fc/startseite/verein/11228/saison_id/2024,Conor Donovan,€300k,https://www.transfermarkt.us/conor-donovan/profil/spieler/336166
https://www.transfermarkt.us/north-carolina-fc/startseite/verein/11228/saison_id/2024,Bryce Washington,€175k,https://www.transfermarkt.us/bryce-washington/profil/spieler/900440
https://www.transfermarkt.us/north-carolina-fc/startseite/verein/11228/saison_id/2024,Paco Craig,€150k,https://www.transfermarkt.us/paco-craig/profil/spieler/121230
https://www.transfermarkt.us/north-carolina-fc/startseite/verein/11228/saison_id/2024,Justin Malou,€125k,https://www.transfermarkt.us/justin-malou/profil/spieler/857420
https://www.transfermarkt.us/north-carolina-fc/startseite/verein/11228/saison_id/2024,Finn Sundstrom,-,https://www.transfermarkt.us/finn-sundstrom/profil/spieler/1279774
https://www.transfermarkt.us/north-carolina-fc/startseite/verein/11228/saison_id/2024,Ezra Armstrong,€150k,https://www.transfermarkt.us/ezra-armstrong/profil/spieler/426375
https://www.transfermarkt.us/north-carolina-fc/startseite/verein/11228/saison_id/2024,Triston Hodge,€125k,https://www.transfermarkt.us/triston-hodge/profil/spieler/386383
https://www.transfermarkt.us/north-carolina-fc/startseite/verein/11228/saison_id/2024,Patrick Burner,€200k,https://www.transfermarkt.us/patrick-burner/profil/spieler/444725
https://www.transfermarkt.us/north-carolina-fc/startseite/verein/11228/saison_id/2024,Raheem Somersall,€150k,https://www.transfermarkt.us/raheem-somersall/profil/spieler/488981
https://www.transfermarkt.us/north-carolina-fc/startseite/verein/11228/saison_id/2024,Jayson Quintanilla,-,https://www.transfermarkt.us/jayson-quintanilla/profil/spieler/1382877
https://www.transfermarkt.us/north-carolina-fc/startseite/verein/11228/saison_id/2024,Pedro Dolabella,€250k,https://www.transfermarkt.us/pedro-dolabella/profil/spieler/994359
https://www.transfermarkt.us/north-carolina-fc/startseite/verein/11228/saison_id/2024,Mikey Maldonado,€250k,https://www.transfermarkt.us/mikey-maldonado/profil/spieler/877168
https://www.transfermarkt.us/north-carolina-fc/startseite/verein/11228/saison_id/2024,Louis Perez,€200k,https://www.transfermarkt.us/louis-perez/profil/spieler/635868
https://www.transfermarkt.us/north-carolina-fc/startseite/verein/11228/saison_id/2024,Collin Martin,€175k,https://www.transfermarkt.us/collin-martin/profil/spieler/253777
https://www.transfermarkt.us/north-carolina-fc/startseite/verein/11228/saison_id/2024,Rodrigo Da Costa,€200k,https://www.transfermarkt.us/rodrigo-da-costa/profil/spieler/659094
https://www.transfermarkt.us/north-carolina-fc/startseite/verein/11228/saison_id/2024,Rafa Mentzingen,€200k,https://www.transfermarkt.us/rafa-mentzingen/profil/spieler/587391
https://www.transfermarkt.us/north-carolina-fc/startseite/verein/11228/saison_id/2024,Ahmad Al-Qaq,€100k,https://www.transfermarkt.us/ahmad-al-qaq/profil/spieler/1382225
https://www.transfermarkt.us/north-carolina-fc/startseite/verein/11228/saison_id/2024,Jaden Servania,€150k,https://www.transfermarkt.us/jaden-servania/profil/spieler/627421
https://www.transfermarkt.us/north-carolina-fc/startseite/verein/11228/saison_id/2024,Evan Conway,€250k,https://www.transfermarkt.us/evan-conway/profil/spieler/737153
https://www.transfermarkt.us/north-carolina-fc/startseite/verein/11228/saison_id/2024,Oalex Anderson,€200k,https://www.transfermarkt.us/oalex-anderson/profil/spieler/313448
https://www.transfermarkt.us/north-carolina-fc/startseite/verein/11228/saison_id/2024,Adam Luckhurst,-,https://www.transfermarkt.us/adam-luckhurst/profil/spieler/1382226
https://www.transfermarkt.us/miami-fc/startseite/verein/42814/saison_id/2024,Bill Hamid,€100k,https://www.transfermarkt.us/bill-hamid/profil/spieler/77714
https://www.transfermarkt.us/miami-fc/startseite/verein/42814/saison_id/2024,Rafael Martell,-,https://www.transfermarkt.us/rafael-martell/profil/spieler/1272153
https://www.transfermarkt.us/miami-fc/startseite/verein/42814/saison_id/2024,Victor Arana,-,https://www.transfermarkt.us/victor-arana/profil/spieler/1388099
https://www.transfermarkt.us/miami-fc/startseite/verein/42814/saison_id/2024,Daltyn Knutson,€200k,https://www.transfermarkt.us/daltyn-knutson/profil/spieler/636582
https://www.transfermarkt.us/miami-fc/startseite/verein/42814/saison_id/2024,Tulu,€100k,https://www.transfermarkt.us/tulu/profil/spieler/621936
https://www.transfermarkt.us/miami-fc/startseite/verein/42814/saison_id/2024,Alejandro Mitrano,€150k,https://www.transfermarkt.us/alejandro-mitrano/profil/spieler/552563
https://www.transfermarkt.us/miami-fc/startseite/verein/42814/saison_id/2024,Nicolás Cardona,€200k,https://www.transfermarkt.us/nicolas-cardona/profil/spieler/615771
https://www.transfermarkt.us/miami-fc/startseite/verein/42814/saison_id/2024,Jonathan Ricketts,€175k,https://www.transfermarkt.us/jonathan-ricketts/profil/spieler/735328
https://www.transfermarkt.us/miami-fc/startseite/verein/42814/saison_id/2024,Aaron Acloque,€10k,https://www.transfermarkt.us/aaron-acloque/profil/spieler/1385739
https://www.transfermarkt.us/miami-fc/startseite/verein/42814/saison_id/2024,Bolu Akinyode,€200k,https://www.transfermarkt.us/bolu-akinyode/profil/spieler/371100
https://www.transfermarkt.us/miami-fc/startseite/verein/42814/saison_id/2024,Diego Mercado,€125k,https://www.transfermarkt.us/diego-mercado/profil/spieler/556049
https://www.transfermarkt.us/miami-fc/startseite/verein/42814/saison_id/2024,Ignacio Jiménez,-,https://www.transfermarkt.us/ignacio-jimenez/profil/spieler/1014570
https://www.transfermarkt.us/miami-fc/startseite/verein/42814/saison_id/2024,Tobias Mas,-,https://www.transfermarkt.us/tobias-mas/profil/spieler/1388096
https://www.transfermarkt.us/miami-fc/startseite/verein/42814/saison_id/2024,Matías Romero,€175k,https://www.transfermarkt.us/matias-romero/profil/spieler/605721
https://www.transfermarkt.us/miami-fc/startseite/verein/42814/saison_id/2024,Deian Verón,€100k,https://www.transfermarkt.us/deian-veron/profil/spieler/863710
https://www.transfermarkt.us/miami-fc/startseite/verein/42814/saison_id/2024,Gerald Díaz,€75k,https://www.transfermarkt.us/gerald-diaz/profil/spieler/514398
https://www.transfermarkt.us/miami-fc/startseite/verein/42814/saison_id/2024,Francesco Celeste,€100k,https://www.transfermarkt.us/francesco-celeste/profil/spieler/302457
https://www.transfermarkt.us/miami-fc/startseite/verein/42814/saison_id/2024,Allen Gavilanes,€250k,https://www.transfermarkt.us/allen-gavilanes/profil/spieler/886066
https://www.transfermarkt.us/miami-fc/startseite/verein/42814/saison_id/2024,Cristian Vázquez,€175k,https://www.transfermarkt.us/cristian-vazquez/profil/spieler/1160042
https://www.transfermarkt.us/miami-fc/startseite/verein/42814/saison_id/2024,Tobías Zárate,€125k,https://www.transfermarkt.us/tobias-zarate/profil/spieler/742603
https://www.transfermarkt.us/miami-fc/startseite/verein/42814/saison_id/2024,Sebastián Blanco,€100k,https://www.transfermarkt.us/sebastian-blanco/profil/spieler/54576
https://www.transfermarkt.us/miami-fc/startseite/verein/42814/saison_id/2024,Felipe Rodríguez,€100k,https://www.transfermarkt.us/felipe-rodriguez/profil/spieler/202906
https://www.transfermarkt.us/miami-fc/startseite/verein/42814/saison_id/2024,Brandon Bent,-,https://www.transfermarkt.us/brandon-bent/profil/spieler/1102322
https://www.transfermarkt.us/miami-fc/startseite/verein/42814/saison_id/2024,Francisco Bonfiglio,€200k,https://www.transfermarkt.us/francisco-bonfiglio/profil/spieler/627296
https://www.transfermarkt.us/miami-fc/startseite/verein/42814/saison_id/2024,Lucas Melano,€125k,https://www.transfermarkt.us/lucas-melano/profil/spieler/220753
https://www.transfermarkt.us/miami-fc/startseite/verein/42814/saison_id/2024,Michael Lawrence,€75k,https://www.transfermarkt.us/michael-lawrence/profil/spieler/1132828
https://www.transfermarkt.us/miami-fc/startseite/verein/42814/saison_id/2024,Ricardo Rivera,€50k,https://www.transfermarkt.us/ricardo-rivera/profil/spieler/457588
https://www.transfermarkt.us/miami-fc/startseite/verein/42814/saison_id/2024,Kevin Hoyos,€50k,https://www.transfermarkt.us/kevin-hoyos/profil/spieler/290991
https://www.transfermarkt.us/hartford-athletic/startseite/verein/67984/saison_id/2024,Antony Siaha,€100k,https://www.transfermarkt.us/antony-siaha/profil/spieler/863627
https://www.transfermarkt.us/hartford-athletic/startseite/verein/67984/saison_id/2024,Justin DiCarlo,-,https://www.transfermarkt.us/justin-dicarlo/profil/spieler/1253445
https://www.transfermarkt.us/hartford-athletic/startseite/verein/67984/saison_id/2024,Jordan Scarlett,€200k,https://www.transfermarkt.us/jordan-scarlett/profil/spieler/496869
https://www.transfermarkt.us/hartford-athletic/startseite/verein/67984/saison_id/2024,Joe Farrell,€175k,https://www.transfermarkt.us/joe-farrell/profil/spieler/430373
https://www.transfermarkt.us/hartford-athletic/startseite/verein/67984/saison_id/2024,Adrián Diz,€175k,https://www.transfermarkt.us/adrian-diz/profil/spieler/247863
https://www.transfermarkt.us/hartford-athletic/startseite/verein/67984/saison_id/2024,Emmanuel Samadia,€150k,https://www.transfermarkt.us/emmanuel-samadia/profil/spieler/824081
https://www.transfermarkt.us/hartford-athletic/startseite/verein/67984/saison_id/2024,TJ Presthus,€25k,https://www.transfermarkt.us/tj-presthus/profil/spieler/1375191
https://www.transfermarkt.us/hartford-athletic/startseite/verein/67984/saison_id/2024,Sebastian Anderson,€200k,https://www.transfermarkt.us/sebastian-anderson/profil/spieler/504146
https://www.transfermarkt.us/hartford-athletic/startseite/verein/67984/saison_id/2024,Samuel Careaga,€250k,https://www.transfermarkt.us/samuel-careaga/profil/spieler/984016
https://www.transfermarkt.us/hartford-athletic/startseite/verein/67984/saison_id/2024,Junior Moreira,€350k,https://www.transfermarkt.us/junior-moreira/profil/spieler/941044
https://www.transfermarkt.us/hartford-athletic/startseite/verein/67984/saison_id/2024,Jack Panayotou,€175k,https://www.transfermarkt.us/jack-panayotou/profil/spieler/930814
https://www.transfermarkt.us/hartford-athletic/startseite/verein/67984/saison_id/2024,Beverly Makangila,€150k,https://www.transfermarkt.us/beverly-makangila/profil/spieler/735723
https://www.transfermarkt.us/hartford-athletic/startseite/verein/67984/saison_id/2024,Deshane Beckford,€150k,https://www.transfermarkt.us/deshane-beckford/profil/spieler/610089
https://www.transfermarkt.us/hartford-athletic/startseite/verein/67984/saison_id/2024,Kyle Edwards,€125k,https://www.transfermarkt.us/kyle-edwards/profil/spieler/344481
https://www.transfermarkt.us/hartford-athletic/startseite/verein/67984/saison_id/2024,Adewale Obalola,€150k,https://www.transfermarkt.us/adewale-obalola/profil/spieler/1162595
https://www.transfermarkt.us/hartford-athletic/startseite/verein/67984/saison_id/2024,Marlon Hairston,€150k,https://www.transfermarkt.us/marlon-hairston/profil/spieler/306401
https://www.transfermarkt.us/hartford-athletic/startseite/verein/67984/saison_id/2024,Jonathan Jiménez,€125k,https://www.transfermarkt.us/jonathan-jimenez/profil/spieler/974593
https://www.transfermarkt.us/hartford-athletic/startseite/verein/67984/saison_id/2024,Michee Ngalina,€275k,https://www.transfermarkt.us/michee-ngalina/profil/spieler/580812
https://www.transfermarkt.us/hartford-athletic/startseite/verein/67984/saison_id/2024,Mamadou Dieng,€200k,https://www.transfermarkt.us/mamadou-dieng/profil/spieler/1234055
https://www.transfermarkt.us/hartford-athletic/startseite/verein/67984/saison_id/2024,Kauan Ribeiro,-,https://www.transfermarkt.us/kauan-ribeiro/profil/spieler/1314086
https://www.transfermarkt.us/hartford-athletic/startseite/verein/67984/saison_id/2024,Spencer Gordon,-,https://www.transfermarkt.us/spencer-gordon/profil/spieler/1386732
https://www.transfermarkt.us/louisville-city-fc/startseite/verein/46316/saison_id/2024,Damian Las,€250k,https://www.transfermarkt.us/damian-las/profil/spieler/504143
https://www.transfermarkt.us/louisville-city-fc/startseite/verein/46316/saison_id/2024,Daniel Faundez,€50k,https://www.transfermarkt.us/daniel-faundez/profil/spieler/450118
https://www.transfermarkt.us/louisville-city-fc/startseite/verein/46316/saison_id/2024,Ryan Troutman,€25k,https://www.transfermarkt.us/ryan-troutman/profil/spieler/1242624
https://www.transfermarkt.us/louisville-city-fc/startseite/verein/46316/saison_id/2024,Hayden Stamps,-,https://www.transfermarkt.us/hayden-stamps/profil/spieler/1247768
https://www.transfermarkt.us/louisville-city-fc/startseite/verein/46316/saison_id/2024,Brandon Dayes,-,https://www.transfermarkt.us/brandon-dayes/profil/spieler/1313239
https://www.transfermarkt.us/louisville-city-fc/startseite/verein/46316/saison_id/2024,Arturo Ordóñez,€300k,https://www.transfermarkt.us/arturo-ordonez/profil/spieler/972762
https://www.transfermarkt.us/louisville-city-fc/startseite/verein/46316/saison_id/2024,Kyle Adams,€300k,https://www.transfermarkt.us/kyle-adams/profil/spieler/562306
https://www.transfermarkt.us/louisville-city-fc/startseite/verein/46316/saison_id/2024,Sean Totsch,€150k,https://www.transfermarkt.us/sean-totsch/profil/spieler/367420
https://www.transfermarkt.us/louisville-city-fc/startseite/verein/46316/saison_id/2024,Josh Jones,-,https://www.transfermarkt.us/josh-jones/profil/spieler/1366428
https://www.transfermarkt.us/louisville-city-fc/startseite/verein/46316/saison_id/2024,Amadou Dia,€200k,https://www.transfermarkt.us/amadou-dia/profil/spieler/354912
https://www.transfermarkt.us/louisville-city-fc/startseite/verein/46316/saison_id/2024,Sam Gleadle,€200k,https://www.transfermarkt.us/sam-gleadle/profil/spieler/568285
https://www.transfermarkt.us/louisville-city-fc/startseite/verein/46316/saison_id/2024,Jake Morris,€175k,https://www.transfermarkt.us/jake-morris/profil/spieler/456004
https://www.transfermarkt.us/louisville-city-fc/startseite/verein/46316/saison_id/2024,Manny Perez,€300k,https://www.transfermarkt.us/manny-perez/profil/spieler/502442
https://www.transfermarkt.us/louisville-city-fc/startseite/verein/46316/saison_id/2024,Aiden McFadden,€200k,https://www.transfermarkt.us/aiden-mcfadden/profil/spieler/637705
https://www.transfermarkt.us/louisville-city-fc/startseite/verein/46316/saison_id/2024,Jansen Wilson,€250k,https://www.transfermarkt.us/jansen-wilson/profil/spieler/1235012
https://www.transfermarkt.us/louisville-city-fc/startseite/verein/46316/saison_id/2024,Kevon Lambert,€200k,https://www.transfermarkt.us/kevon-lambert/profil/spieler/482667
https://www.transfermarkt.us/louisville-city-fc/startseite/verein/46316/saison_id/2024,Evan Davila,€75k,https://www.transfermarkt.us/evan-davila/profil/spieler/1244144
https://www.transfermarkt.us/louisville-city-fc/startseite/verein/46316/saison_id/2024,Taylor Davila,€350k,https://www.transfermarkt.us/taylor-davila/profil/spieler/575790
https://www.transfermarkt.us/louisville-city-fc/startseite/verein/46316/saison_id/2024,Zach Duncan,€250k,https://www.transfermarkt.us/zach-duncan/profil/spieler/659848
https://www.transfermarkt.us/louisville-city-fc/startseite/verein/46316/saison_id/2024,Carlos Moguel Jr.,€125k,https://www.transfermarkt.us/carlos-moguel-jr-/profil/spieler/866068
https://www.transfermarkt.us/louisville-city-fc/startseite/verein/46316/saison_id/2024,Niall McCabe,€75k,https://www.transfermarkt.us/niall-mccabe/profil/spieler/364643
https://www.transfermarkt.us/louisville-city-fc/startseite/verein/46316/saison_id/2024,Ray Serrano,€400k,https://www.transfermarkt.us/ray-serrano/profil/spieler/567406
https://www.transfermarkt.us/louisville-city-fc/startseite/verein/46316/saison_id/2024,Adrien Pérez,€250k,https://www.transfermarkt.us/adrien-perez/profil/spieler/589774
https://www.transfermarkt.us/louisville-city-fc/startseite/verein/46316/saison_id/2024,Brian Ownby,€50k,https://www.transfermarkt.us/brian-ownby/profil/spieler/125697
https://www.transfermarkt.us/louisville-city-fc/startseite/verein/46316/saison_id/2024,Phillip Goodrum,€300k,https://www.transfermarkt.us/phillip-goodrum/profil/spieler/636995
https://www.transfermarkt.us/louisville-city-fc/startseite/verein/46316/saison_id/2024,Issac Cano,€50k,https://www.transfermarkt.us/issac-cano/profil/spieler/1111566
https://www.transfermarkt.us/phoenix-rising-fc/startseite/verein/33414/saison_id/2024,Patrick Rakovsky,€125k,https://www.transfermarkt.us/patrick-rakovsky/profil/spieler/85201
https://www.transfermarkt.us/phoenix-rising-fc/startseite/verein/33414/saison_id/2024,Triston Henry,€100k,https://www.transfermarkt.us/triston-henry/profil/spieler/655804
https://www.transfermarkt.us/phoenix-rising-fc/startseite/verein/33414/saison_id/2024,Jan Villegas,-,https://www.transfermarkt.us/jan-villegas/profil/spieler/1382967
https://www.transfermarkt.us/phoenix-rising-fc/startseite/verein/33414/saison_id/2024,Pape Boye,€200k,https://www.transfermarkt.us/pape-boye/profil/spieler/1222118
https://www.transfermarkt.us/phoenix-rising-fc/startseite/verein/33414/saison_id/2024,Ascel Essengue,€25k,https://www.transfermarkt.us/ascel-essengue/profil/spieler/909429
https://www.transfermarkt.us/phoenix-rising-fc/startseite/verein/33414/saison_id/2024,Braxton Montgomery,-,https://www.transfermarkt.us/braxton-montgomery/profil/spieler/1277571
https://www.transfermarkt.us/phoenix-rising-fc/startseite/verein/33414/saison_id/2024,Mohamed Traore,€200k,https://www.transfermarkt.us/mohamed-traore/profil/spieler/802341
https://www.transfermarkt.us/phoenix-rising-fc/startseite/verein/33414/saison_id/2024,Harvey Neville,€175k,https://www.transfermarkt.us/harvey-neville/profil/spieler/593296
https://www.transfermarkt.us/phoenix-rising-fc/startseite/verein/33414/saison_id/2024,Ryan Flood,€100k,https://www.transfermarkt.us/ryan-flood/profil/spieler/589982
https://www.transfermarkt.us/phoenix-rising-fc/startseite/verein/33414/saison_id/2024,Collin Smith,€200k,https://www.transfermarkt.us/collin-smith/profil/spieler/686941
https://www.transfermarkt.us/phoenix-rising-fc/startseite/verein/33414/saison_id/2024,Noble Okello,€200k,https://www.transfermarkt.us/noble-okello/profil/spieler/544025
https://www.transfermarkt.us/phoenix-rising-fc/startseite/verein/33414/saison_id/2024,Carl Sainté,€150k,https://www.transfermarkt.us/carl-sainte/profil/spieler/718244
https://www.transfermarkt.us/phoenix-rising-fc/startseite/verein/33414/saison_id/2024,Giulio Doratiotto,€150k,https://www.transfermarkt.us/giulio-doratiotto/profil/spieler/724177
https://www.transfermarkt.us/phoenix-rising-fc/startseite/verein/33414/saison_id/2024,Pierce Rizzo,-,https://www.transfermarkt.us/pierce-rizzo/profil/spieler/1382968
https://www.transfermarkt.us/phoenix-rising-fc/startseite/verein/33414/saison_id/2024,JP Scearce,€175k,https://www.transfermarkt.us/jp-scearce/profil/spieler/670165
https://www.transfermarkt.us/phoenix-rising-fc/startseite/verein/33414/saison_id/2024,Alex Araneda,-,https://www.transfermarkt.us/alex-araneda/profil/spieler/882504
https://www.transfermarkt.us/phoenix-rising-fc/startseite/verein/33414/saison_id/2024,Jamison Ping,-,https://www.transfermarkt.us/jamison-ping/profil/spieler/1284796
https://www.transfermarkt.us/phoenix-rising-fc/startseite/verein/33414/saison_id/2024,Charlie Dennis,€175k,https://www.transfermarkt.us/charlie-dennis/profil/spieler/563079
https://www.transfermarkt.us/phoenix-rising-fc/startseite/verein/33414/saison_id/2024,Emil Cuello,€175k,https://www.transfermarkt.us/emil-cuello/profil/spieler/636466
https://www.transfermarkt.us/phoenix-rising-fc/startseite/verein/33414/saison_id/2024,Hope Avayevu,€150k,https://www.transfermarkt.us/hope-avayevu/profil/spieler/838183
https://www.transfermarkt.us/phoenix-rising-fc/startseite/verein/33414/saison_id/2024,Damián Rivera,€300k,https://www.transfermarkt.us/damian-rivera/profil/spieler/722649
https://www.transfermarkt.us/phoenix-rising-fc/startseite/verein/33414/saison_id/2024,Darius Johnson,€175k,https://www.transfermarkt.us/darius-johnson/profil/spieler/672100
https://www.transfermarkt.us/phoenix-rising-fc/startseite/verein/33414/saison_id/2024,Jearl Margaritha,€400k,https://www.transfermarkt.us/jearl-margaritha/profil/spieler/538958
https://www.transfermarkt.us/phoenix-rising-fc/startseite/verein/33414/saison_id/2024,Dariusz Formella,€250k,https://www.transfermarkt.us/dariusz-formella/profil/spieler/225865
https://www.transfermarkt.us/phoenix-rising-fc/startseite/verein/33414/saison_id/2024,Ihsan Sacko,€300k,https://www.transfermarkt.us/ihsan-sacko/profil/spieler/412095
https://www.transfermarkt.us/phoenix-rising-fc/startseite/verein/33414/saison_id/2024,Rémi Cabral,€300k,https://www.transfermarkt.us/remi-cabral/profil/spieler/460631
https://www.transfermarkt.us/phoenix-rising-fc/startseite/verein/33414/saison_id/2024,Anthony Capetillo,-,https://www.transfermarkt.us/anthony-capetillo/profil/spieler/1382969
https://www.transfermarkt.us/phoenix-rising-fc/startseite/verein/33414/saison_id/2024,Zach Da Silva,-,https://www.transfermarkt.us/zach-da-silva/profil/spieler/1382970
https://www.transfermarkt.us/orange-county-sc/startseite/verein/31068/saison_id/2024,Colin Shutler,€150k,https://www.transfermarkt.us/colin-shutler/profil/spieler/638729
https://www.transfermarkt.us/orange-county-sc/startseite/verein/31068/saison_id/2024,Tetsuya Kadono,-,https://www.transfermarkt.us/tetsuya-kadono/profil/spieler/1266971
https://www.transfermarkt.us/orange-county-sc/startseite/verein/31068/saison_id/2024,Fernando Aguirre,-,https://www.transfermarkt.us/fernando-aguirre/profil/spieler/1175186
https://www.transfermarkt.us/orange-county-sc/startseite/verein/31068/saison_id/2024,Ashton Miles,€175k,https://www.transfermarkt.us/ashton-miles/profil/spieler/1060071
https://www.transfermarkt.us/orange-county-sc/startseite/verein/31068/saison_id/2024,Tom Brewitt,€150k,https://www.transfermarkt.us/tom-brewitt/profil/spieler/258880
https://www.transfermarkt.us/orange-county-sc/startseite/verein/31068/saison_id/2024,Nico Benalcázar,€125k,https://www.transfermarkt.us/nico-benalcazar/profil/spieler/469786
https://www.transfermarkt.us/orange-county-sc/startseite/verein/31068/saison_id/2024,Vuk Latinovic,€100k,https://www.transfermarkt.us/vuk-latinovic/profil/spieler/884245
https://www.transfermarkt.us/orange-county-sc/startseite/verein/31068/saison_id/2024,Pedro Guimaraes,€250k,https://www.transfermarkt.us/pedro-guimaraes/profil/spieler/1056294
https://www.transfermarkt.us/orange-county-sc/startseite/verein/31068/saison_id/2024,Ryan Doghman,€200k,https://www.transfermarkt.us/ryan-doghman/profil/spieler/472839
https://www.transfermarkt.us/orange-county-sc/startseite/verein/31068/saison_id/2024,Koa Santos,€150k,https://www.transfermarkt.us/koa-santos/profil/spieler/987825
https://www.transfermarkt.us/orange-county-sc/startseite/verein/31068/saison_id/2024,Grayson Doody,€125k,https://www.transfermarkt.us/grayson-doody/profil/spieler/1215598
https://www.transfermarkt.us/orange-county-sc/startseite/verein/31068/saison_id/2024,Kevin Partida,€150k,https://www.transfermarkt.us/kevin-partida/profil/spieler/572968
https://www.transfermarkt.us/orange-county-sc/startseite/verein/31068/saison_id/2024,Oliver Kurnik,-,https://www.transfermarkt.us/oliver-kurnik/profil/spieler/1385820
https://www.transfermarkt.us/orange-county-sc/startseite/verein/31068/saison_id/2024,Chris Hegardt,€200k,https://www.transfermarkt.us/chris-hegardt/profil/spieler/693378
https://www.transfermarkt.us/orange-county-sc/startseite/verein/31068/saison_id/2024,Kyle Scott,€175k,https://www.transfermarkt.us/kyle-scott/profil/spieler/258888
https://www.transfermarkt.us/orange-county-sc/startseite/verein/31068/saison_id/2024,Gavin Karam,-,https://www.transfermarkt.us/gavin-karam/profil/spieler/1348472
https://www.transfermarkt.us/orange-county-sc/startseite/verein/31068/saison_id/2024,Roberto Molina,€125k,https://www.transfermarkt.us/roberto-molina/profil/spieler/880612
https://www.transfermarkt.us/orange-county-sc/startseite/verein/31068/saison_id/2024,Cameron Dunbar,€200k,https://www.transfermarkt.us/cameron-dunbar/profil/spieler/692091
https://www.transfermarkt.us/orange-county-sc/startseite/verein/31068/saison_id/2024,Ousmane Sylla,€125k,https://www.transfermarkt.us/ousmane-sylla/profil/spieler/1237921
https://www.transfermarkt.us/orange-county-sc/startseite/verein/31068/saison_id/2024,Bryce Jamison,€450k,https://www.transfermarkt.us/bryce-jamison/profil/spieler/1046963
https://www.transfermarkt.us/orange-county-sc/startseite/verein/31068/saison_id/2024,Benjamin Barjolo,€150k,https://www.transfermarkt.us/benjamin-barjolo/profil/spieler/1177579
https://www.transfermarkt.us/orange-county-sc/startseite/verein/31068/saison_id/2024,Lyam MacKinnon,€300k,https://www.transfermarkt.us/lyam-mackinnon/profil/spieler/505148
https://www.transfermarkt.us/orange-county-sc/startseite/verein/31068/saison_id/2024,Ethan Zubak,€250k,https://www.transfermarkt.us/ethan-zubak/profil/spieler/375617
https://www.transfermarkt.us/orange-county-sc/startseite/verein/31068/saison_id/2024,Tristan Trager,€175k,https://www.transfermarkt.us/tristan-trager/profil/spieler/972920
https://www.transfermarkt.us/orange-county-sc/startseite/verein/31068/saison_id/2024,Mouhamadou War,€75k,https://www.transfermarkt.us/mouhamadou-war/profil/spieler/1127406
https://www.transfermarkt.us/sacramento-republic-fc/startseite/verein/40835/saison_id/2024,Danny Vitiello,€250k,https://www.transfermarkt.us/danny-vitiello/profil/spieler/585908
https://www.transfermarkt.us/sacramento-republic-fc/startseite/verein/40835/saison_id/2024,Jared Mazzola,€100k,https://www.transfermarkt.us/jared-mazzola/profil/spieler/1048569
https://www.transfermarkt.us/sacramento-republic-fc/startseite/verein/40835/saison_id/2024,Jackson Montero,-,https://www.transfermarkt.us/jackson-montero/profil/spieler/1388124
https://www.transfermarkt.us/sacramento-republic-fc/startseite/verein/40835/saison_id/2024,Jared Timmer,€250k,https://www.transfermarkt.us/jared-timmer/profil/spieler/510590
https://www.transfermarkt.us/sacramento-republic-fc/startseite/verein/40835/saison_id/2024,Freddy Kleemann,€250k,https://www.transfermarkt.us/freddy-kleemann/profil/spieler/636198
https://www.transfermarkt.us/sacramento-republic-fc/startseite/verein/40835/saison_id/2024,Lee Desmond,€150k,https://www.transfermarkt.us/lee-desmond/profil/spieler/252881
https://www.transfermarkt.us/sacramento-republic-fc/startseite/verein/40835/saison_id/2024,Chibuike Ukaegbu,€150k,https://www.transfermarkt.us/chibuike-ukaegbu/profil/spieler/1204750
https://www.transfermarkt.us/sacramento-republic-fc/startseite/verein/40835/saison_id/2024,Michelle Benítez,€450k,https://www.transfermarkt.us/michelle-benitez/profil/spieler/454084
https://www.transfermarkt.us/sacramento-republic-fc/startseite/verein/40835/saison_id/2024,Ryan Spaulding,€300k,https://www.transfermarkt.us/ryan-spaulding/profil/spieler/709179
https://www.transfermarkt.us/sacramento-republic-fc/startseite/verein/40835/saison_id/2024,Dominik Wanner,€100k,https://www.transfermarkt.us/dominik-wanner/profil/spieler/333451
https://www.transfermarkt.us/sacramento-republic-fc/startseite/verein/40835/saison_id/2024,Jack Gurr,€300k,https://www.transfermarkt.us/jack-gurr/profil/spieler/728500
https://www.transfermarkt.us/sacramento-republic-fc/startseite/verein/40835/saison_id/2024,Aaron Edwards,-,https://www.transfermarkt.us/aaron-edwards/profil/spieler/1122647
https://www.transfermarkt.us/sacramento-republic-fc/startseite/verein/40835/saison_id/2024,Luís Felipe,€250k,https://www.transfermarkt.us/luis-felipe/profil/spieler/423441
https://www.transfermarkt.us/sacramento-republic-fc/startseite/verein/40835/saison_id/2024,Rayan Djédjé,€125k,https://www.transfermarkt.us/rayan-djedje/profil/spieler/806792
https://www.transfermarkt.us/sacramento-republic-fc/startseite/verein/40835/saison_id/2024,Justin Portillo,€125k,https://www.transfermarkt.us/justin-portillo/profil/spieler/318461
https://www.transfermarkt.us/sacramento-republic-fc/startseite/verein/40835/saison_id/2024,Nick Ross,€100k,https://www.transfermarkt.us/nick-ross/profil/spieler/95949
https://www.transfermarkt.us/sacramento-republic-fc/startseite/verein/40835/saison_id/2024,Rodrigo López,€75k,https://www.transfermarkt.us/rodrigo-lopez/profil/spieler/28099
https://www.transfermarkt.us/sacramento-republic-fc/startseite/verein/40835/saison_id/2024,Tag Chalmers,-,https://www.transfermarkt.us/tag-chalmers/profil/spieler/1258823
https://www.transfermarkt.us/sacramento-republic-fc/startseite/verein/40835/saison_id/2024,Diego Mellado,-,https://www.transfermarkt.us/diego-mellado/profil/spieler/1388125
https://www.transfermarkt.us/sacramento-republic-fc/startseite/verein/40835/saison_id/2024,Blake Willey,€150k,https://www.transfermarkt.us/blake-willey/profil/spieler/1046970
https://www.transfermarkt.us/sacramento-republic-fc/startseite/verein/40835/saison_id/2024,Cristian Parano,€175k,https://www.transfermarkt.us/cristian-parano/profil/spieler/578756
https://www.transfermarkt.us/sacramento-republic-fc/startseite/verein/40835/saison_id/2024,Russell Cicerone,€300k,https://www.transfermarkt.us/russell-cicerone/profil/spieler/495896
https://www.transfermarkt.us/sacramento-republic-fc/startseite/verein/40835/saison_id/2024,Trevor Amann,€200k,https://www.transfermarkt.us/trevor-amann/profil/spieler/587395
https://www.transfermarkt.us/sacramento-republic-fc/startseite/verein/40835/saison_id/2024,Sebastián Herrera,€175k,https://www.transfermarkt.us/sebastian-herrera/profil/spieler/304866
https://www.transfermarkt.us/sacramento-republic-fc/startseite/verein/40835/saison_id/2024,Lewis Jamieson,€175k,https://www.transfermarkt.us/lewis-jamieson/profil/spieler/694355
https://www.transfermarkt.us/sacramento-republic-fc/startseite/verein/40835/saison_id/2024,Da'vian Kimbrough,-,https://www.transfermarkt.us/davian-kimbrough/profil/spieler/1165918
https://www.transfermarkt.us/sacramento-republic-fc/startseite/verein/40835/saison_id/2024,Jackson Martin,-,https://www.transfermarkt.us/jackson-martin/profil/spieler/1388123
https://www.transfermarkt.us/sacramento-republic-fc/startseite/verein/40835/saison_id/2024,Jayden Fitzgerald Boes,-,https://www.transfermarkt.us/jayden-fitzgerald-boes/profil/spieler/1388126
https://www.transfermarkt.us/birmingham-legion-fc/startseite/verein/64480/saison_id/2024,Trevor Spangenberg,€75k,https://www.transfermarkt.us/trevor-spangenberg/profil/spieler/316490
https://www.transfermarkt.us/birmingham-legion-fc/startseite/verein/64480/saison_id/2024,Matt Van Oekel,€50k,https://www.transfermarkt.us/matt-van-oekel/profil/spieler/113514
https://www.transfermarkt.us/birmingham-legion-fc/startseite/verein/64480/saison_id/2024,Fernando Delgado,-,https://www.transfermarkt.us/fernando-delgado/profil/spieler/898801
https://www.transfermarkt.us/birmingham-legion-fc/startseite/verein/64480/saison_id/2024,Phanuel Kavita,€175k,https://www.transfermarkt.us/phanuel-kavita/profil/spieler/367392
https://www.transfermarkt.us/birmingham-legion-fc/startseite/verein/64480/saison_id/2024,Tiago,€125k,https://www.transfermarkt.us/tiago/profil/spieler/993685
https://www.transfermarkt.us/birmingham-legion-fc/startseite/verein/64480/saison_id/2024,Ethan Kos,€75k,https://www.transfermarkt.us/ethan-kos/profil/spieler/1150993
https://www.transfermarkt.us/birmingham-legion-fc/startseite/verein/64480/saison_id/2024,Ramiz Hamouda,€250k,https://www.transfermarkt.us/ramiz-hamouda/profil/spieler/1094175
https://www.transfermarkt.us/birmingham-legion-fc/startseite/verein/64480/saison_id/2024,AJ Paterson,€125k,https://www.transfermarkt.us/aj-paterson/profil/spieler/562537
https://www.transfermarkt.us/birmingham-legion-fc/startseite/verein/64480/saison_id/2024,Moses Mensah,€125k,https://www.transfermarkt.us/moses-mensah/profil/spieler/1107740
https://www.transfermarkt.us/birmingham-legion-fc/startseite/verein/64480/saison_id/2024,Stephen Turnbull,€200k,https://www.transfermarkt.us/stephen-turnbull/profil/spieler/998297
https://www.transfermarkt.us/birmingham-legion-fc/startseite/verein/64480/saison_id/2024,Jake Rufe,€175k,https://www.transfermarkt.us/jake-rufe/profil/spieler/794568
https://www.transfermarkt.us/birmingham-legion-fc/startseite/verein/64480/saison_id/2024,Kobe Hernández-Foster,€300k,https://www.transfermarkt.us/kobe-hernandez-foster/profil/spieler/596655
https://www.transfermarkt.us/birmingham-legion-fc/startseite/verein/64480/saison_id/2024,Edwin Laszo,€175k,https://www.transfermarkt.us/edwin-laszo/profil/spieler/655427
https://www.transfermarkt.us/birmingham-legion-fc/startseite/verein/64480/saison_id/2024,Ereku Temitayo,€25k,https://www.transfermarkt.us/ereku-temitayo/profil/spieler/1039801
https://www.transfermarkt.us/birmingham-legion-fc/startseite/verein/64480/saison_id/2024,Finn Calloway,-,https://www.transfermarkt.us/finn-calloway/profil/spieler/1228208
https://www.transfermarkt.us/birmingham-legion-fc/startseite/verein/64480/saison_id/2024,Sam McIllhatton,€75k,https://www.transfermarkt.us/sam-mcillhatton/profil/spieler/541178
https://www.transfermarkt.us/birmingham-legion-fc/startseite/verein/64480/saison_id/2024,Danny Trejo,€300k,https://www.transfermarkt.us/danny-trejo/profil/spieler/857395
https://www.transfermarkt.us/birmingham-legion-fc/startseite/verein/64480/saison_id/2024,Dawson McCartney,€175k,https://www.transfermarkt.us/dawson-mccartney/profil/spieler/510110
https://www.transfermarkt.us/birmingham-legion-fc/startseite/verein/64480/saison_id/2024,Enzo Martinez,€100k,https://www.transfermarkt.us/enzo-martinez/profil/spieler/206792
https://www.transfermarkt.us/birmingham-legion-fc/startseite/verein/64480/saison_id/2024,Roman Torres,€100k,https://www.transfermarkt.us/roman-torres/profil/spieler/887278
https://www.transfermarkt.us/birmingham-legion-fc/startseite/verein/64480/saison_id/2024,Tyler Pasher,€300k,https://www.transfermarkt.us/tyler-pasher/profil/spieler/189018
https://www.transfermarkt.us/birmingham-legion-fc/startseite/verein/64480/saison_id/2024,Preston Etaka,€200k,https://www.transfermarkt.us/preston-etaka/profil/spieler/490768
https://www.transfermarkt.us/birmingham-legion-fc/startseite/verein/64480/saison_id/2024,Sebastian Tregarthen,€75k,https://www.transfermarkt.us/sebastian-tregarthen/profil/spieler/1368148
https://www.transfermarkt.us/birmingham-legion-fc/startseite/verein/64480/saison_id/2024,Ronaldo Damus,€350k,https://www.transfermarkt.us/ronaldo-damus/profil/spieler/458345
https://www.transfermarkt.us/pittsburgh-riverhounds-sc/startseite/verein/4290/saison_id/2024,Eric Dick,€200k,https://www.transfermarkt.us/eric-dick/profil/spieler/520238
https://www.transfermarkt.us/pittsburgh-riverhounds-sc/startseite/verein/4290/saison_id/2024,Ben Martino,€75k,https://www.transfermarkt.us/ben-martino/profil/spieler/709952
https://www.transfermarkt.us/pittsburgh-riverhounds-sc/startseite/verein/4290/saison_id/2024,Jacob Randolph,€50k,https://www.transfermarkt.us/jacob-randolph/profil/spieler/1226967
https://www.transfermarkt.us/pittsburgh-riverhounds-sc/startseite/verein/4290/saison_id/2024,Guillaume Vacter,-,https://www.transfermarkt.us/guillaume-vacter/profil/spieler/1285195
https://www.transfermarkt.us/pittsburgh-riverhounds-sc/startseite/verein/4290/saison_id/2024,Sean Suber,€175k,https://www.transfermarkt.us/sean-suber/profil/spieler/1121465
https://www.transfermarkt.us/pittsburgh-riverhounds-sc/startseite/verein/4290/saison_id/2024,Luke Biasi,€175k,https://www.transfermarkt.us/luke-biasi/profil/spieler/988911
https://www.transfermarkt.us/pittsburgh-riverhounds-sc/startseite/verein/4290/saison_id/2024,Illal Osumanu,€150k,https://www.transfermarkt.us/illal-osumanu/profil/spieler/749180
https://www.transfermarkt.us/pittsburgh-riverhounds-sc/startseite/verein/4290/saison_id/2024,Beto Ydrach,€125k,https://www.transfermarkt.us/beto-ydrach/profil/spieler/765519
https://www.transfermarkt.us/pittsburgh-riverhounds-sc/startseite/verein/4290/saison_id/2024,Brunallergene Junior Etou,€175k,https://www.transfermarkt.us/brunallergene-junior-etou/profil/spieler/592359
https://www.transfermarkt.us/pittsburgh-riverhounds-sc/startseite/verein/4290/saison_id/2024,Perrin Barnes,€75k,https://www.transfermarkt.us/perrin-barnes/profil/spieler/1106201
https://www.transfermarkt.us/pittsburgh-riverhounds-sc/startseite/verein/4290/saison_id/2024,Max Broughton,€50k,https://www.transfermarkt.us/max-broughton/profil/spieler/550706
https://www.transfermarkt.us/pittsburgh-riverhounds-sc/startseite/verein/4290/saison_id/2024,Jackson Wälti,€200k,https://www.transfermarkt.us/jackson-walti/profil/spieler/1117324
https://www.transfermarkt.us/pittsburgh-riverhounds-sc/startseite/verein/4290/saison_id/2024,Bradley Sample,€150k,https://www.transfermarkt.us/bradley-sample/profil/spieler/1228196
https://www.transfermarkt.us/pittsburgh-riverhounds-sc/startseite/verein/4290/saison_id/2024,Danny Griffin,€200k,https://www.transfermarkt.us/danny-griffin/profil/spieler/735817
https://www.transfermarkt.us/pittsburgh-riverhounds-sc/startseite/verein/4290/saison_id/2024,Aidan O'Toole,€100k,https://www.transfermarkt.us/aidan-otoole/profil/spieler/636892
https://www.transfermarkt.us/pittsburgh-riverhounds-sc/startseite/verein/4290/saison_id/2024,Robbie Mertz,€250k,https://www.transfermarkt.us/robbie-mertz/profil/spieler/636838
https://www.transfermarkt.us/pittsburgh-riverhounds-sc/startseite/verein/4290/saison_id/2024,Jorge Garcia,€50k,https://www.transfermarkt.us/jorge-garcia/profil/spieler/1380146
https://www.transfermarkt.us/pittsburgh-riverhounds-sc/startseite/verein/4290/saison_id/2024,Charles Ahl,-,https://www.transfermarkt.us/charles-ahl/profil/spieler/1363133
https://www.transfermarkt.us/pittsburgh-riverhounds-sc/startseite/verein/4290/saison_id/2024,Jason Bouregy,€75k,https://www.transfermarkt.us/jason-bouregy/profil/spieler/1260233
https://www.transfermarkt.us/pittsburgh-riverhounds-sc/startseite/verein/4290/saison_id/2024,Pablo Linzoain,-,https://www.transfermarkt.us/pablo-linzoain/profil/spieler/1266721
https://www.transfermarkt.us/pittsburgh-riverhounds-sc/startseite/verein/4290/saison_id/2024,Bertin Jacquesson,€175k,https://www.transfermarkt.us/bertin-jacquesson/profil/spieler/1088719
https://www.transfermarkt.us/pittsburgh-riverhounds-sc/startseite/verein/4290/saison_id/2024,Augustine Williams,€250k,https://www.transfermarkt.us/augustine-williams/profil/spieler/454110
https://www.transfermarkt.us/pittsburgh-riverhounds-sc/startseite/verein/4290/saison_id/2024,Brigham Larsen,-,https://www.transfermarkt.us/brigham-larsen/profil/spieler/1363929
https://www.transfermarkt.us/las-vegas-lights-fc/startseite/verein/62204/saison_id/2024,Raiko Arozarena,€200k,https://www.transfermarkt.us/raiko-arozarena/profil/spieler/599401
https://www.transfermarkt.us/las-vegas-lights-fc/startseite/verein/62204/saison_id/2024,Nicholas Ammeter,€150k,https://www.transfermarkt.us/nicholas-ammeter/profil/spieler/387984
https://www.transfermarkt.us/las-vegas-lights-fc/startseite/verein/62204/saison_id/2024,Carver Miller,-,https://www.transfermarkt.us/carver-miller/profil/spieler/809451
https://www.transfermarkt.us/las-vegas-lights-fc/startseite/verein/62204/saison_id/2024,Elias Gärtig,€200k,https://www.transfermarkt.us/elias-gartig/profil/spieler/514912
https://www.transfermarkt.us/las-vegas-lights-fc/startseite/verein/62204/saison_id/2024,Maliek Howell,€175k,https://www.transfermarkt.us/maliek-howell/profil/spieler/629237
https://www.transfermarkt.us/las-vegas-lights-fc/startseite/verein/62204/saison_id/2024,Nate Jones,€100k,https://www.transfermarkt.us/nate-jones/profil/spieler/1214905
https://www.transfermarkt.us/las-vegas-lights-fc/startseite/verein/62204/saison_id/2024,Jack Singer,€75k,https://www.transfermarkt.us/jack-singer/profil/spieler/1358576
https://www.transfermarkt.us/las-vegas-lights-fc/startseite/verein/62204/saison_id/2024,Turner Humphrey,-,https://www.transfermarkt.us/turner-humphrey/profil/spieler/1244585
https://www.transfermarkt.us/las-vegas-lights-fc/startseite/verein/62204/saison_id/2024,Gennaro Nigro,€200k,https://www.transfermarkt.us/gennaro-nigro/profil/spieler/596693
https://www.transfermarkt.us/las-vegas-lights-fc/startseite/verein/62204/saison_id/2024,Gaoussou Samaké,€200k,https://www.transfermarkt.us/gaoussou-samake/profil/spieler/569049
https://www.transfermarkt.us/las-vegas-lights-fc/startseite/verein/62204/saison_id/2024,Joe Gyau,€150k,https://www.transfermarkt.us/joe-gyau/profil/spieler/160670
https://www.transfermarkt.us/las-vegas-lights-fc/startseite/verein/62204/saison_id/2024,Shawn Smart,€175k,https://www.transfermarkt.us/shawn-smart/profil/spieler/1238659
https://www.transfermarkt.us/las-vegas-lights-fc/startseite/verein/62204/saison_id/2024,Younes Boudadi,€175k,https://www.transfermarkt.us/younes-boudadi/profil/spieler/265512
https://www.transfermarkt.us/las-vegas-lights-fc/startseite/verein/62204/saison_id/2024,Shaft Brewer Jr.,€100k,https://www.transfermarkt.us/shaft-brewer-jr-/profil/spieler/455980
https://www.transfermarkt.us/las-vegas-lights-fc/startseite/verein/62204/saison_id/2024,Daouda Peeters,€250k,https://www.transfermarkt.us/daouda-peeters/profil/spieler/365451
https://www.transfermarkt.us/las-vegas-lights-fc/startseite/verein/62204/saison_id/2024,Valentin Noël,€300k,https://www.transfermarkt.us/valentin-noel/profil/spieler/612851
https://www.transfermarkt.us/las-vegas-lights-fc/startseite/verein/62204/saison_id/2024,Rory O'Driscoll,€150k,https://www.transfermarkt.us/rory-odriscoll/profil/spieler/637348
https://www.transfermarkt.us/las-vegas-lights-fc/startseite/verein/62204/saison_id/2024,Christopher Pearson,€75k,https://www.transfermarkt.us/christopher-pearson/profil/spieler/997120
https://www.transfermarkt.us/las-vegas-lights-fc/startseite/verein/62204/saison_id/2024,Christian Pinzón,€150k,https://www.transfermarkt.us/christian-pinzon/profil/spieler/922680
https://www.transfermarkt.us/las-vegas-lights-fc/startseite/verein/62204/saison_id/2024,Patrick Leal,€100k,https://www.transfermarkt.us/patrick-leal/profil/spieler/623872
https://www.transfermarkt.us/las-vegas-lights-fc/startseite/verein/62204/saison_id/2024,Edison Azcona,€200k,https://www.transfermarkt.us/edison-azcona/profil/spieler/794699
https://www.transfermarkt.us/las-vegas-lights-fc/startseite/verein/62204/saison_id/2024,Coleman Gannon,€125k,https://www.transfermarkt.us/coleman-gannon/profil/spieler/763647
https://www.transfermarkt.us/las-vegas-lights-fc/startseite/verein/62204/saison_id/2024,Vaughn Covil,€125k,https://www.transfermarkt.us/vaughn-covil/profil/spieler/696230
https://www.transfermarkt.us/las-vegas-lights-fc/startseite/verein/62204/saison_id/2024,Johnny Rodriguez,€250k,https://www.transfermarkt.us/johnny-rodriguez/profil/spieler/845035
https://www.transfermarkt.us/las-vegas-lights-fc/startseite/verein/62204/saison_id/2024,Nighte Pickering,€125k,https://www.transfermarkt.us/nighte-pickering/profil/spieler/1007712
https://www.transfermarkt.us/san-antonio-fc/startseite/verein/52910/saison_id/2024,Richard Sánchez,€100k,https://www.transfermarkt.us/richard-sanchez/profil/spieler/178861
https://www.transfermarkt.us/san-antonio-fc/startseite/verein/52910/saison_id/2024,Joseph Batrouni,-,https://www.transfermarkt.us/joseph-batrouni/profil/spieler/680819
https://www.transfermarkt.us/san-antonio-fc/startseite/verein/52910/saison_id/2024,Daniel Namani,-,https://www.transfermarkt.us/daniel-namani/profil/spieler/1382984
https://www.transfermarkt.us/san-antonio-fc/startseite/verein/52910/saison_id/2024,Brandon Gongora,-,https://www.transfermarkt.us/brandon-gongora/profil/spieler/1263381
https://www.transfermarkt.us/san-antonio-fc/startseite/verein/52910/saison_id/2024,Sebastian Seiterle,-,https://www.transfermarkt.us/sebastian-seiterle/profil/spieler/1382983
https://www.transfermarkt.us/san-antonio-fc/startseite/verein/52910/saison_id/2024,Alex Crognale,€275k,https://www.transfermarkt.us/alex-crognale/profil/spieler/478530
https://www.transfermarkt.us/san-antonio-fc/startseite/verein/52910/saison_id/2024,Mitchell Taintor,€250k,https://www.transfermarkt.us/mitchell-taintor/profil/spieler/429461
https://www.transfermarkt.us/san-antonio-fc/startseite/verein/52910/saison_id/2024,Alexis Souahy,€200k,https://www.transfermarkt.us/alexis-souahy/profil/spieler/291428
https://www.transfermarkt.us/san-antonio-fc/startseite/verein/52910/saison_id/2024,Jimmy Medranda,€300k,https://www.transfermarkt.us/jimmy-medranda/profil/spieler/283624
https://www.transfermarkt.us/san-antonio-fc/startseite/verein/52910/saison_id/2024,Nelson Flores,€175k,https://www.transfermarkt.us/nelson-flores/profil/spieler/544943
https://www.transfermarkt.us/san-antonio-fc/startseite/verein/52910/saison_id/2024,Rece Buckmaster,€300k,https://www.transfermarkt.us/rece-buckmaster/profil/spieler/638411
https://www.transfermarkt.us/san-antonio-fc/startseite/verein/52910/saison_id/2024,Shannon Gómez,€125k,https://www.transfermarkt.us/shannon-gomez/profil/spieler/354577
https://www.transfermarkt.us/san-antonio-fc/startseite/verein/52910/saison_id/2024,Dyllan Mendoza,-,https://www.transfermarkt.us/dyllan-mendoza/profil/spieler/1400948
https://www.transfermarkt.us/san-antonio-fc/startseite/verein/52910/saison_id/2024,Mohamed Omar,€200k,https://www.transfermarkt.us/mohamed-omar/profil/spieler/637715
https://www.transfermarkt.us/san-antonio-fc/startseite/verein/52910/saison_id/2024,Nicky Hernandez,€175k,https://www.transfermarkt.us/nicky-hernandez/profil/spieler/636487
https://www.transfermarkt.us/san-antonio-fc/startseite/verein/52910/saison_id/2024,Almir Soto,€150k,https://www.transfermarkt.us/almir-soto/profil/spieler/363731
https://www.transfermarkt.us/san-antonio-fc/startseite/verein/52910/saison_id/2024,Juan Osorio,€150k,https://www.transfermarkt.us/juan-osorio/profil/spieler/911973
https://www.transfermarkt.us/san-antonio-fc/startseite/verein/52910/saison_id/2024,Lucio Berron,€75k,https://www.transfermarkt.us/lucio-berron/profil/spieler/908103
https://www.transfermarkt.us/san-antonio-fc/startseite/verein/52910/saison_id/2024,Dmitriy Erofeev,€50k,https://www.transfermarkt.us/dmitriy-erofeev/profil/spieler/890853
https://www.transfermarkt.us/san-antonio-fc/startseite/verein/52910/saison_id/2024,Jorge Hernández,€400k,https://www.transfermarkt.us/jorge-hernandez/profil/spieler/503096
https://www.transfermarkt.us/san-antonio-fc/startseite/verein/52910/saison_id/2024,Luke Haakenson,€275k,https://www.transfermarkt.us/luke-haakenson/profil/spieler/749605
https://www.transfermarkt.us/san-antonio-fc/startseite/verein/52910/saison_id/2024,Diogo Pacheco,€125k,https://www.transfermarkt.us/diogo-pacheco/profil/spieler/637356
https://www.transfermarkt.us/san-antonio-fc/startseite/verein/52910/saison_id/2024,Jake LaCava,€200k,https://www.transfermarkt.us/jake-lacava/profil/spieler/651588
https://www.transfermarkt.us/san-antonio-fc/startseite/verein/52910/saison_id/2024,Luis Paredes,€175k,https://www.transfermarkt.us/luis-paredes/profil/spieler/977120
https://www.transfermarkt.us/san-antonio-fc/startseite/verein/52910/saison_id/2024,Alex Greive,€300k,https://www.transfermarkt.us/alex-greive/profil/spieler/835410
https://www.transfermarkt.us/san-antonio-fc/startseite/verein/52910/saison_id/2024,Juan Agudelo,€175k,https://www.transfermarkt.us/juan-agudelo/profil/spieler/131171
https://www.transfermarkt.us/rhode-island-fc/startseite/verein/103722/saison_id/2024,Koke Vegas,€200k,https://www.transfermarkt.us/koke-vegas/profil/spieler/299715
https://www.transfermarkt.us/rhode-island-fc/startseite/verein/103722/saison_id/2024,Jackson Lee,€100k,https://www.transfermarkt.us/jackson-lee/profil/spieler/570590
https://www.transfermarkt.us/rhode-island-fc/startseite/verein/103722/saison_id/2024,Will Meyer,-,https://www.transfermarkt.us/will-meyer/profil/spieler/637652
https://www.transfermarkt.us/rhode-island-fc/startseite/verein/103722/saison_id/2024,Grant Stoneman,€250k,https://www.transfermarkt.us/grant-stoneman/profil/spieler/510592
https://www.transfermarkt.us/rhode-island-fc/startseite/verein/103722/saison_id/2024,Karifa Yao,€250k,https://www.transfermarkt.us/karifa-yao/profil/spieler/677677
https://www.transfermarkt.us/rhode-island-fc/startseite/verein/103722/saison_id/2024,Aimé Mabika,€200k,https://www.transfermarkt.us/aime-mabika/profil/spieler/637490
https://www.transfermarkt.us/rhode-island-fc/startseite/verein/103722/saison_id/2024,Frank Nodarse,€200k,https://www.transfermarkt.us/frank-nodarse/profil/spieler/629342
https://www.transfermarkt.us/rhode-island-fc/startseite/verein/103722/saison_id/2024,Rio Hope-Gund,€125k,https://www.transfermarkt.us/rio-hope-gund/profil/spieler/638424
https://www.transfermarkt.us/rhode-island-fc/startseite/verein/103722/saison_id/2024,Hugo Bacharach,€25k,https://www.transfermarkt.us/hugo-bacharach/profil/spieler/1214907
https://www.transfermarkt.us/rhode-island-fc/startseite/verein/103722/saison_id/2024,Cole Dewhurst,-,https://www.transfermarkt.us/cole-dewhurst/profil/spieler/882656
https://www.transfermarkt.us/rhode-island-fc/startseite/verein/103722/saison_id/2024,Aldair Sanchez,€175k,https://www.transfermarkt.us/aldair-sanchez/profil/spieler/700662
https://www.transfermarkt.us/rhode-island-fc/startseite/verein/103722/saison_id/2024,Dani Rovira,€125k,https://www.transfermarkt.us/dani-rovira/profil/spieler/666874
https://www.transfermarkt.us/rhode-island-fc/startseite/verein/103722/saison_id/2024,Marc Ybarra,€200k,https://www.transfermarkt.us/marc-ybarra/profil/spieler/637175
https://www.transfermarkt.us/rhode-island-fc/startseite/verein/103722/saison_id/2024,Kevin Vang,€25k,https://www.transfermarkt.us/kevin-vang/profil/spieler/1236454
https://www.transfermarkt.us/rhode-island-fc/startseite/verein/103722/saison_id/2024,Maxi Rodriguez,€250k,https://www.transfermarkt.us/maxi-rodriguez/profil/spieler/489935
https://www.transfermarkt.us/rhode-island-fc/startseite/verein/103722/saison_id/2024,Clay Holstad,€200k,https://www.transfermarkt.us/clay-holstad/profil/spieler/637485
https://www.transfermarkt.us/rhode-island-fc/startseite/verein/103722/saison_id/2024,Zachary Herivaux,€150k,https://www.transfermarkt.us/zachary-herivaux/profil/spieler/354752
https://www.transfermarkt.us/rhode-island-fc/startseite/verein/103722/saison_id/2024,Taimu Okiyoshi,€100k,https://www.transfermarkt.us/taimu-okiyoshi/profil/spieler/1366455
https://www.transfermarkt.us/rhode-island-fc/startseite/verein/103722/saison_id/2024,Amos Shapiro-Thompson,€50k,https://www.transfermarkt.us/amos-shapiro-thompson/profil/spieler/576568
https://www.transfermarkt.us/rhode-island-fc/startseite/verein/103722/saison_id/2024,Isaac Angking,€50k,https://www.transfermarkt.us/isaac-angking/profil/spieler/559599
https://www.transfermarkt.us/rhode-island-fc/startseite/verein/103722/saison_id/2024,Jojea Kwizera,€250k,https://www.transfermarkt.us/jojea-kwizera/profil/spieler/972464
https://www.transfermarkt.us/rhode-island-fc/startseite/verein/103722/saison_id/2024,Joe Brito,€150k,https://www.transfermarkt.us/joe-brito/profil/spieler/637416
https://www.transfermarkt.us/rhode-island-fc/startseite/verein/103722/saison_id/2024,JJ Williams,€300k,https://www.transfermarkt.us/jj-williams/profil/spieler/644786
https://www.transfermarkt.us/rhode-island-fc/startseite/verein/103722/saison_id/2024,Albert Dikwa,€300k,https://www.transfermarkt.us/albert-dikwa/profil/spieler/487166
https://www.transfermarkt.us/rhode-island-fc/startseite/verein/103722/saison_id/2024,Noah Fuson,€250k,https://www.transfermarkt.us/noah-fuson/profil/spieler/802208
https://www.transfermarkt.us/colorado-springs-switchbacks-fc/startseite/verein/45805/saison_id/2024,Christian Herrera,€175k,https://www.transfermarkt.us/christian-herrera/profil/spieler/431719
https://www.transfermarkt.us/colorado-springs-switchbacks-fc/startseite/verein/45805/saison_id/2024,Abraham Romero,€175k,https://www.transfermarkt.us/abraham-romero/profil/spieler/400197
https://www.transfermarkt.us/colorado-springs-switchbacks-fc/startseite/verein/45805/saison_id/2024,Jonathan Burke,-,https://www.transfermarkt.us/jonathan-burke/profil/spieler/1101081
https://www.transfermarkt.us/colorado-springs-switchbacks-fc/startseite/verein/45805/saison_id/2024,Garven Metusala,€150k,https://www.transfermarkt.us/garven-metusala/profil/spieler/859175
https://www.transfermarkt.us/colorado-springs-switchbacks-fc/startseite/verein/45805/saison_id/2024,Matt Real,€250k,https://www.transfermarkt.us/matt-real/profil/spieler/368897
https://www.transfermarkt.us/colorado-springs-switchbacks-fc/startseite/verein/45805/saison_id/2024,Akeem Ward,€200k,https://www.transfermarkt.us/akeem-ward/profil/spieler/644783
https://www.transfermarkt.us/colorado-springs-switchbacks-fc/startseite/verein/45805/saison_id/2024,Duke Lacroix,€175k,https://www.transfermarkt.us/duke-lacroix/profil/spieler/375472
https://www.transfermarkt.us/colorado-springs-switchbacks-fc/startseite/verein/45805/saison_id/2024,Isaiah Foster,€100k,https://www.transfermarkt.us/isaiah-foster/profil/spieler/986204
https://www.transfermarkt.us/colorado-springs-switchbacks-fc/startseite/verein/45805/saison_id/2024,Matt Mahoney,€300k,https://www.transfermarkt.us/matt-mahoney/profil/spieler/439957
https://www.transfermarkt.us/colorado-springs-switchbacks-fc/startseite/verein/45805/saison_id/2024,Herbert Endeley,€175k,https://www.transfermarkt.us/herbert-endeley/profil/spieler/1089579
https://www.transfermarkt.us/colorado-springs-switchbacks-fc/startseite/verein/45805/saison_id/2024,Henry Weston,-,https://www.transfermarkt.us/henry-weston/profil/spieler/1384696
https://www.transfermarkt.us/colorado-springs-switchbacks-fc/startseite/verein/45805/saison_id/2024,Charlie Adams,€250k,https://www.transfermarkt.us/charlie-adams/profil/spieler/186592
https://www.transfermarkt.us/colorado-springs-switchbacks-fc/startseite/verein/45805/saison_id/2024,Aidan Rocha,€150k,https://www.transfermarkt.us/aidan-rocha/profil/spieler/1118173
https://www.transfermarkt.us/colorado-springs-switchbacks-fc/startseite/verein/45805/saison_id/2024,Marco Rios,€50k,https://www.transfermarkt.us/marco-rios/profil/spieler/1128312
https://www.transfermarkt.us/colorado-springs-switchbacks-fc/startseite/verein/45805/saison_id/2024,Steven Echevarria,€125k,https://www.transfermarkt.us/steven-echevarria/profil/spieler/375570
https://www.transfermarkt.us/colorado-springs-switchbacks-fc/startseite/verein/45805/saison_id/2024,Chase Gozdieski,-,https://www.transfermarkt.us/chase-gozdieski/profil/spieler/1287364
https://www.transfermarkt.us/colorado-springs-switchbacks-fc/startseite/verein/45805/saison_id/2024,Anthony Fontana,€300k,https://www.transfermarkt.us/anthony-fontana/profil/spieler/447216
https://www.transfermarkt.us/colorado-springs-switchbacks-fc/startseite/verein/45805/saison_id/2024,Marco Micaletto,€275k,https://www.transfermarkt.us/marco-micaletto/profil/spieler/511763
https://www.transfermarkt.us/colorado-springs-switchbacks-fc/startseite/verein/45805/saison_id/2024,Zach Zandi,€175k,https://www.transfermarkt.us/zach-zandi/profil/spieler/511768
https://www.transfermarkt.us/colorado-springs-switchbacks-fc/startseite/verein/45805/saison_id/2024,Alessandro Maldonado,-,https://www.transfermarkt.us/alessandro-maldonado/profil/spieler/1074187
https://www.transfermarkt.us/colorado-springs-switchbacks-fc/startseite/verein/45805/saison_id/2024,Levonte Johnson,€200k,https://www.transfermarkt.us/levonte-johnson/profil/spieler/1089582
https://www.transfermarkt.us/colorado-springs-switchbacks-fc/startseite/verein/45805/saison_id/2024,Quenzi Huerman,€150k,https://www.transfermarkt.us/quenzi-huerman/profil/spieler/1222544
https://www.transfermarkt.us/colorado-springs-switchbacks-fc/startseite/verein/45805/saison_id/2024,Yosuke Hanya,€300k,https://www.transfermarkt.us/yosuke-hanya/profil/spieler/451849
https://www.transfermarkt.us/colorado-springs-switchbacks-fc/startseite/verein/45805/saison_id/2024,Jonas Fjeldberg,€175k,https://www.transfermarkt.us/jonas-fjeldberg/profil/spieler/323620
https://www.transfermarkt.us/colorado-springs-switchbacks-fc/startseite/verein/45805/saison_id/2024,Justin Dhillon,€250k,https://www.transfermarkt.us/justin-dhillon/profil/spieler/242320
https://www.transfermarkt.us/colorado-springs-switchbacks-fc/startseite/verein/45805/saison_id/2024,Juan Tejada,€200k,https://www.transfermarkt.us/juan-tejada/profil/spieler/654162
https://www.transfermarkt.us/monterey-bay-fc/startseite/verein/87631/saison_id/2024,Nico Campuzano,€100k,https://www.transfermarkt.us/nico-campuzano/profil/spieler/332182
https://www.transfermarkt.us/monterey-bay-fc/startseite/verein/87631/saison_id/2024,Dallas Odle,-,https://www.transfermarkt.us/dallas-odle/profil/spieler/1001790
https://www.transfermarkt.us/monterey-bay-fc/startseite/verein/87631/saison_id/2024,Samuel Gomez,-,https://www.transfermarkt.us/samuel-gomez/profil/spieler/638801
https://www.transfermarkt.us/monterey-bay-fc/startseite/verein/87631/saison_id/2024,Nico Gordon,€200k,https://www.transfermarkt.us/nico-gordon/profil/spieler/733300
https://www.transfermarkt.us/monterey-bay-fc/startseite/verein/87631/saison_id/2024,Jacob Muir,€125k,https://www.transfermarkt.us/jacob-muir/profil/spieler/1005160
https://www.transfermarkt.us/monterey-bay-fc/startseite/verein/87631/saison_id/2024,Alex Lara,€125k,https://www.transfermarkt.us/alex-lara/profil/spieler/730127
https://www.transfermarkt.us/monterey-bay-fc/startseite/verein/87631/saison_id/2024,Grant Robinson,€150k,https://www.transfermarkt.us/grant-robinson/profil/spieler/678410
https://www.transfermarkt.us/monterey-bay-fc/startseite/verein/87631/saison_id/2024,Sami Fouad Guediri,€100k,https://www.transfermarkt.us/sami-fouad-guediri/profil/spieler/456495
https://www.transfermarkt.us/monterey-bay-fc/startseite/verein/87631/saison_id/2024,Carlos Guzmán,€200k,https://www.transfermarkt.us/carlos-guzman/profil/spieler/186201
https://www.transfermarkt.us/monterey-bay-fc/startseite/verein/87631/saison_id/2024,Miles Lyons,€200k,https://www.transfermarkt.us/miles-lyons/profil/spieler/914686
https://www.transfermarkt.us/monterey-bay-fc/startseite/verein/87631/saison_id/2024,Joel Garcia,€125k,https://www.transfermarkt.us/joel-garcia/profil/spieler/1245682
https://www.transfermarkt.us/monterey-bay-fc/startseite/verein/87631/saison_id/2024,Mobi Fehr,€150k,https://www.transfermarkt.us/mobi-fehr/profil/spieler/188146
https://www.transfermarkt.us/monterey-bay-fc/startseite/verein/87631/saison_id/2024,Pierce Gallaway,€150k,https://www.transfermarkt.us/pierce-gallaway/profil/spieler/1237314
https://www.transfermarkt.us/monterey-bay-fc/startseite/verein/87631/saison_id/2024,Wesley Fonguck,-,https://www.transfermarkt.us/wesley-fonguck/profil/spieler/380021
https://www.transfermarkt.us/monterey-bay-fc/startseite/verein/87631/saison_id/2024,Xavi Gnaulati,€250k,https://www.transfermarkt.us/xavi-gnaulati/profil/spieler/881085
https://www.transfermarkt.us/monterey-bay-fc/startseite/verein/87631/saison_id/2024,Adrian Rebollar,€200k,https://www.transfermarkt.us/adrian-rebollar/profil/spieler/670164
https://www.transfermarkt.us/monterey-bay-fc/startseite/verein/87631/saison_id/2024,Ethan Bryant,€125k,https://www.transfermarkt.us/ethan-bryant/profil/spieler/567275
https://www.transfermarkt.us/monterey-bay-fc/startseite/verein/87631/saison_id/2024,Alex Dixon,€100k,https://www.transfermarkt.us/alex-dixon/profil/spieler/174924
https://www.transfermarkt.us/monterey-bay-fc/startseite/verein/87631/saison_id/2024,Adam Larsson,€200k,https://www.transfermarkt.us/adam-larsson/profil/spieler/594375
https://www.transfermarkt.us/monterey-bay-fc/startseite/verein/87631/saison_id/2024,Ilijah Paul,€200k,https://www.transfermarkt.us/ilijah-paul/profil/spieler/654974
https://www.transfermarkt.us/monterey-bay-fc/startseite/verein/87631/saison_id/2024,Anton Søjberg,€200k,https://www.transfermarkt.us/anton-sojberg/profil/spieler/527823
https://www.transfermarkt.us/monterey-bay-fc/startseite/verein/87631/saison_id/2024,Mayele Malango,€175k,https://www.transfermarkt.us/mayele-malango/profil/spieler/735326
https://www.transfermarkt.us/monterey-bay-fc/startseite/verein/87631/saison_id/2024,Luke Ivanovic,€175k,https://www.transfermarkt.us/luke-ivanovic/profil/spieler/637747
https://www.transfermarkt.us/monterey-bay-fc/startseite/verein/87631/saison_id/2024,Diego Gutiérrez,€150k,https://www.transfermarkt.us/diego-gutierrez/profil/spieler/988941
https://www.transfermarkt.us/monterey-bay-fc/startseite/verein/87631/saison_id/2024,Luther Archimède,€100k,https://www.transfermarkt.us/luther-archimede/profil/spieler/628133
