"","Player","Team","Season","Position","Minutes","Dribbling","Fouling","Interrupting","Passing","Receiving","Shooting","Goals Added"
"","Hugo Cuypers","CHI","2025","ST","1182","0.80","0.10","0.18","-0.12","1.91","0.66","3.54"
"","Lionel Messi","MIA","2025","ST","952","0.72","0.13","-0.05","1.20","0.56","0.87","3.43"
"","Dénis Bouanga","LAFC","2025","W","1246","1.52","0.39","-0.10","-0.18","0.66","0.70","2.99"
"","Noah Eile","NYRB","2025","CB","1354","0.48","0.07","1.85","0.28","-0.05","0.17","2.80"
"","Cristian Espinoza","SJE","2025","FB","1304","0.38","0.02","-0.09","1.35","0.44","0.12","2.21"
"","Sam Surridge","NSH","2025","ST","1333","0.66","0.37","-0.12","0.25","0.79","0.13","2.09"
"","Andrew Gutman","CHI","2025","FB","1178","0.14","0.55","0.98","0.00","0.06","0.11","1.84"
"","Yevhen Cheberko","CLB","2025","CB","1023","0.51","-0.14","0.50","1.00","-0.04","-0.03","1.80"
"","Christian Benteke","DCU","2025","ST","1009","-0.10","0.12","-0.11","-0.71","1.92","0.68","1.80"
"","Evander","CIN","2025","AM","1057","0.79","0.41","-0.06","0.12","-0.13","0.46","1.58"
"","Christopher McVey","SD","2025","CB","1417","0.07","0.11","0.71","0.27","0.33","0.09","1.58"
"","Kelvin Yeboah","MIN","2025","ST","997","0.14","-0.20","0.21","0.36","0.57","0.46","1.54"
"","Anders Dreyer","SD","2025","W","1366","-0.15","0.01","-0.41","0.63","0.97","0.49","1.53"
"","Alexander Freeman","ORL","2025","FB","1355","0.38","0.08","-0.01","-0.42","1.16","0.30","1.49"
"","Brian White","VAN","2025","ST","981","-1.10","0.20","-0.17","-0.04","2.31","0.30","1.49"
"","Luciano Acosta","FCD","2025","AM","1220","0.48","0.46","-0.04","0.98","-0.26","-0.17","1.45"
"","Hirving Lozano","SD","2025","W","878","0.31","0.11","-0.05","0.14","0.53","0.41","1.45"
"","Jack Elliott","CHI","2025","CB","1218","-0.05","-0.20","0.96","0.23","0.30","0.08","1.33"
"","Bruno Damiani","PHI","2025","ST","743","-0.19","-0.03","0.49","-0.09","0.79","0.35","1.32"
"","Albert Rusnák","SEA","2025","W","1003","0.31","-0.10","-0.34","0.88","0.17","0.40","1.31"
"","Adilson Malanda","CLT","2025","CB","1412","-0.07","-0.11","0.98","0.56","0.06","-0.11","1.31"
"","Max Arfsten","CLB","2025","FB","1296","0.42","0.09","-0.38","-0.30","1.04","0.37","1.24"
"","Andrew Privett","CLT","2025","CB","1117","0.12","-0.16","1.14","0.26","-0.04","-0.09","1.24"
"","Pedrinho","FCD","2025","W","508","0.78","-0.03","0.04","0.09","0.28","0.06","1.22"
"","Brian Gutiérrez","CHI","2025","CM","816","-0.06","0.03","0.44","0.19","0.37","0.24","1.21"
"","Luis Muriel","ORL","2025","ST","1110","0.09","0.26","-0.07","1.08","-0.17","0.04","1.21"
"","Ryan Hollingshead","LAFC","2025","FB","1024","0.09","0.32","-0.24","0.12","0.66","0.23","1.18"
"","Djordje Mihailovic","COL","2025","W","1380","0.52","-0.03","-0.02","1.01","-0.24","-0.08","1.17"
"","Alonso Martínez","NYC","2025","ST","1257","-0.79","0.82","-0.13","-0.13","0.96","0.42","1.16"
"","Miguel Almirón","ATL","2025","W","1284","0.05","-0.13","-0.02","0.55","0.38","0.28","1.11"
"","Keaton Parks","NYC","2025","DM","915","0.11","0.06","0.37","0.02","0.39","0.12","1.07"
"","Quinn Sullivan","PHI","2025","W","1209","0.67","-0.08","0.30","0.51","-0.38","0.02","1.05"
"","Justen Glad","RSL","2025","CB","1229","0.13","0.34","0.68","0.00","-0.07","-0.05","1.03"
"","Felipe Carballo","NYRB","2025","DM","875","0.16","0.00","0.48","0.32","0.00","0.05","1.02"
"","Steven Moreira","CLB","2025","CB","1001","0.21","0.10","0.07","0.54","0.01","0.09","1.02"
"","Tristan Blackmon","VAN","2025","CB","1121","0.05","0.10","0.12","0.73","0.02","-0.01","1.01"
"","Jackson Ragen","SEA","2025","CB","683","0.07","0.06","0.19","0.62","0.04","0.03","1.01"
"","Joaquín Pereyra","MIN","2025","CM","1098","-0.41","-0.09","0.32","0.64","0.29","0.26","1.01"
"","Danny Musovski","SEA","2025","ST","686","-0.32","0.03","0.24","-0.34","1.14","0.26","0.99"
"","Sean Zawadzki","CLB","2025","CB","1308","0.28","0.12","0.20","0.31","0.07","-0.00","0.98"
"","Hany Mukhtar","NSH","2025","ST","1359","0.06","0.34","-0.07","0.25","-0.04","0.42","0.96"
"","Christian Ramírez","LAG","2025","ST","823","-0.10","-0.05","-0.10","0.39","0.83","-0.02","0.96"
"","Rafael Navarro","COL","2025","ST","1165","0.06","0.37","0.18","-0.21","0.53","0.02","0.94"
"","Tai Baribo","PHI","2025","ST","991","0.42","-0.16","-0.14","-0.80","1.16","0.46","0.93"
"","Josef Martínez","SJE","2025","ST","759","-0.02","0.15","-0.18","-0.29","0.95","0.32","0.93"
"","Anthony Markanich","MIN","2025","FB","653","-0.02","-0.01","0.79","-0.34","0.42","0.08","0.93"
"","Federico Bernardeschi","TOR","2025","W","1346","1.00","-0.12","-0.04","0.86","-1.06","0.28","0.93"
"","Beau Leroux","SJE","2025","CM","1075","-0.13","0.18","0.44","0.05","0.21","0.17","0.92"
"","J.C. Ngando","VAN","2025","CM","760","0.12","-0.01","0.03","0.65","0.09","0.04","0.92"
"","Pedro Vite","VAN","2025","CM","941","-0.13","0.00","0.05","0.59","0.23","0.17","0.91"
"","Dylan Chambost","CLB","2025","CM","1383","0.05","-0.01","0.36","0.44","0.04","0.01","0.89"
"","Preston Judd","SJE","2025","ST","389","-0.06","0.23","-0.02","0.23","0.59","-0.09","0.88"
"","Aaron Long","LAFC","2025","CB","1039","-0.08","0.02","0.77","0.36","-0.18","-0.01","0.88"
"","Kyle Hiebert","STL","2025","CB","1341","0.00","0.07","1.30","-0.28","-0.20","-0.01","0.88"
"","David Brekalo","ORL","2025","CB","953","0.49","0.06","-0.26","0.23","0.21","0.14","0.86"
"","Idan Toklomati","CLT","2025","ST","390","0.24","-0.05","0.01","-0.27","0.85","0.08","0.86"
"","Andy Najar","NSH","2025","FB","1086","0.16","-0.25","0.18","0.88","-0.11","-0.01","0.86"
"","Amahl Pellegrino","SJE","2025","W","420","-0.09","-0.03","-0.08","0.17","0.77","0.11","0.85"
"","Souleyman Doumbia","CLT","2025","FB","341","0.00","-0.00","0.91","0.04","-0.08","-0.04","0.83"
"","Eddie Segura","LAFC","2025","CB","965","0.07","-0.00","0.32","0.16","0.25","0.02","0.82"
"","Giacomo Vrioni","MTL","2025","ST","248","-0.32","-0.05","-0.02","-0.13","1.06","0.28","0.82"
"","Carles Gil","NER","2025","AM","1205","0.40","0.24","-0.19","1.00","-0.66","0.02","0.82"
"","Maya Yoshida","LAG","2025","CB","1019","0.11","-0.12","0.04","0.72","0.01","0.05","0.82"
"","Gabriel Pec","LAG","2025","W","1086","0.68","0.08","-0.24","-0.34","0.04","0.59","0.81"
"","Dennis Gjengaar","NYRB","2025","W","415","-0.09","-0.04","0.45","-0.22","0.50","0.19","0.81"
"","Jayden Nelson","VAN","2025","W","525","0.36","0.08","-0.02","0.34","-0.07","0.11","0.81"
"","Osaze Urhoghide","FCD","2025","CB","1307","-0.13","-0.17","0.87","-0.06","0.24","0.06","0.81"
"","Pep Biel","CLT","2025","AM","1081","-0.15","-0.16","-0.17","1.17","0.12","-0.02","0.79"
"","David Schnegg","DCU","2025","FB","1374","-0.16","0.02","0.51","0.03","0.42","-0.08","0.75"
"","Thiago Martins","NYC","2025","CB","1211","-0.18","0.20","0.65","0.32","-0.11","-0.13","0.75"
"","Nicolás Romero","MIN","2025","CB","877","-0.12","0.05","0.30","-0.11","0.46","0.16","0.74"
"","David Ayala","POR","2025","DM","1100","-0.08","0.04","1.00","-0.53","0.15","0.13","0.71"
"","Ali Ahmed","VAN","2025","W","744","0.37","-0.08","0.01","0.40","-0.06","0.05","0.70"
"","Alexander Hack","NYRB","2025","CB","565","-0.04","0.03","0.25","0.41","0.02","0.03","0.69"
"","Ousseni Bouda","SJE","2025","AM","675","0.11","-0.04","-0.18","-0.18","0.75","0.23","0.69"
"","Cristian Arango","SJE","2025","ST","1209","-0.13","-0.00","0.38","0.34","-0.23","0.32","0.69"
"","Miles Robinson","CIN","2025","CB","1103","-0.44","-0.13","0.75","0.50","-0.02","0.03","0.69"
"","Tanner Beason","NER","2025","CB","638","-0.05","0.06","0.84","-0.10","-0.04","-0.04","0.67"
"","Kai Wagner","PHI","2025","FB","1205","-0.43","0.06","0.20","1.15","-0.19","-0.12","0.66"
"","Jonathan Bamba","CHI","2025","W","1132","-0.04","-0.06","0.21","0.31","0.23","0.01","0.66"
"","Kerwin Vargas","CLT","2025","W","556","0.28","-0.03","0.08","0.13","-0.03","0.23","0.66"
"","Marco Pasalic","ORL","2025","W","1164","0.43","-0.09","-0.04","0.17","-0.24","0.41","0.64"
"","Pedro Amador","ATL","2025","FB","746","-0.09","0.01","0.45","0.25","0.06","-0.04","0.64"
"","Nouhou","SEA","2025","CB","1169","-0.02","0.13","0.66","0.01","-0.20","0.05","0.64"
"","Aníbal Godoy","SD","2025","CM","1038","0.11","0.15","-0.18","0.88","-0.33","0.01","0.63"
"","Julián Fernández","NYC","2025","W","793","0.43","-0.08","0.23","0.33","-0.25","-0.03","0.63"
"","Bongokuhle Hlongwane","MIN","2025","FB","1216","-0.50","0.01","0.31","-0.49","1.03","0.26","0.62"
"","Santiago Moreno","POR","2025","W","1043","0.63","-0.22","0.42","-0.05","-0.10","-0.06","0.62"
"","Luca Orellano","CIN","2025","W","943","0.70","-0.02","-0.03","0.13","-0.36","0.21","0.62"
"","Mark Delgado","LAFC","2025","CM","998","-0.01","-0.08","0.22","0.63","-0.13","-0.02","0.61"
"","Simon Becher","STL","2025","ST","622","-0.26","-0.05","0.30","-0.25","0.70","0.15","0.60"
"","Noah Allen","MIA","2025","CB","1052","0.06","0.07","0.81","-0.07","-0.19","-0.10","0.59"
"","Omir Fernández","POR, COL","2025","W","323","-0.03","-0.03","0.21","0.24","0.18","0.03","0.59"
"","Cristian Roldan","SEA","2025","CM","1221","-0.07","0.03","0.39","0.33","-0.08","-0.02","0.59"
"","Javain Brown","RSL","2025","FB","210","0.01","0.01","0.51","-0.06","0.05","0.07","0.58"
"","Martín Ojeda","ORL","2025","AM","1152","-0.10","-0.12","-0.15","0.29","0.39","0.26","0.58"
"","David Martínez","LAFC","2025","W","743","0.37","-0.05","0.03","-0.19","0.28","0.15","0.58"
"","Guilherme Biro","ATX","2025","FB","1286","-0.24","0.06","0.42","0.03","0.38","-0.08","0.57"
"","Mark-Anthony Kaye","SJE","2025","CM","497","0.11","0.04","0.28","0.04","-0.02","0.11","0.56"
"","Michael Boxall","MIN","2025","CB","1095","0.11","-0.14","0.60","0.08","-0.02","-0.07","0.55"
"","Jonathan Rodríguez","POR","2025","W","190","0.01","0.36","-0.05","0.19","0.01","0.03","0.54"
"","Niko Tsakiris","SJE","2025","CM","272","0.02","0.02","0.07","0.26","0.08","0.09","0.54"
"","Tayvon Gray","NYC","2025","FB","434","0.02","0.01","0.41","0.20","-0.06","-0.03","0.54"
"","Tomas Totland","STL","2025","FB","363","-0.13","0.02","0.09","0.32","0.22","0.01","0.53"
"","Iván Angulo","ORL","2025","W","1140","0.41","-0.06","-0.01","0.17","0.01","0.01","0.53"
"","Rodrigues","SJE","2025","CB","930","0.06","0.12","-0.23","0.47","0.09","0.02","0.53"
"","Jesús Barea","RSL","2025","ST","275","0.11","-0.01","0.11","-0.13","0.35","0.10","0.53"
"","Brandon Bye","NER","2025","FB","368","0.02","0.02","0.64","-0.13","0.00","-0.04","0.51"
"","Alex Mighten","SD","2025","W","480","0.17","0.28","-0.08","0.09","-0.00","0.04","0.50"
"","Emmanuel Sabbi","VAN","2025","W","513","-0.28","-0.08","0.12","0.16","0.38","0.19","0.50"
"","Lukas Engel","CIN","2025","FB","1231","-0.18","0.01","0.51","-0.01","0.08","0.08","0.50"
"","Tristan Muyumba","ATL","2025","DM","591","-0.09","0.01","0.26","0.13","0.18","-0.01","0.49"
"","George Campbell","MTL","2025","CB","894","-0.38","0.11","0.47","0.15","0.00","0.13","0.49"
"","Joran Gerbet","ORL","2025","DM","721","-0.11","0.21","0.59","0.20","-0.23","-0.17","0.48"
"","Manu García","SKC","2025","CM","1325","0.01","0.26","-0.30","0.75","-0.09","-0.15","0.48"
"","Nolan Norris","FCD","2025","FB","593","-0.07","-0.04","0.23","-0.12","0.43","0.02","0.47"
"","Liel Abada","CLT","2025","W","942","0.41","-0.05","-0.16","0.05","0.02","0.21","0.47"
"","Jack McGlynn","HOU","2025","W","1269","0.24","-0.07","-0.21","1.24","-0.69","-0.04","0.47"
"","Tate Johnson","VAN","2025","FB","804","-0.02","0.04","0.33","0.28","-0.11","-0.06","0.46"
"","Ignatius Ganago","NER","2025","ST","1104","-0.46","0.41","0.10","-0.38","0.56","0.21","0.45"
"","Stian Gregersen","ATL","2025","CB","663","-0.05","0.03","0.21","0.19","0.11","-0.06","0.44"
"","Milan Iloski","SD","2025","ST","160","0.12","-0.01","-0.07","0.07","0.14","0.19","0.44"
"","Luca Petrasso","MTL","2025","FB","1262","0.10","0.10","0.18","0.14","-0.08","-0.03","0.41"
"","Nico Cavallo","NYC","2025","FB","277","0.01","0.00","0.50","0.05","-0.10","-0.06","0.41"
"","Henry Kessler","STL","2025","CB","819","-0.02","0.07","0.68","-0.20","-0.08","-0.05","0.40"
"","Julio Cascante","ATX","2025","CB","451","0.09","0.05","0.20","0.10","-0.04","0.01","0.40"
"","Žan Kolmanič","ATX","2025","FB","342","0.05","0.04","0.18","0.15","0.00","-0.03","0.40"
"","Rominigue Kouame","CHI","2025","CM","171","0.26","-0.02","-0.01","-0.06","0.12","0.10","0.40"
"","Cengiz Ünder","LAFC","2025","W","504","0.43","0.05","0.02","0.06","-0.30","0.13","0.39"
"","Conrad Wallem","STL","2025","FB","1211","-0.01","-0.03","0.46","-0.57","0.32","0.22","0.39"
"","Owen Wolff","ATX","2025","CM","1245","0.20","-0.04","0.29","0.73","-0.56","-0.23","0.39"
"","Justin Haak","NYC","2025","CB","1375","-0.16","0.07","0.82","-0.14","-0.12","-0.08","0.39"
"","Shaq Moore","FCD","2025","FB","1177","-0.23","0.05","0.38","-0.15","0.26","0.07","0.39"
"","Cameron Harper","NYRB","2025","FB","517","0.03","-0.02","-0.18","-0.04","0.38","0.20","0.38"
"","Nathan Harriel","PHI","2025","CB","967","-0.24","0.08","0.53","-0.11","0.13","-0.01","0.38"
"","Aaron Herrera","DCU","2025","FB","1208","-0.03","0.05","0.16","0.29","-0.16","0.06","0.38"
"","Lucas Bartlett","DCU","2025","CB","1300","0.03","0.18","0.33","-0.17","0.10","-0.09","0.37"
"","Maximiliano Falcón","MIA","2025","CB","584","0.07","0.07","0.16","-0.18","0.24","0.01","0.37"
"","Tim Leibold","SKC","2025","FB","385","0.07","0.03","0.29","-0.15","0.06","0.08","0.37"
"","Fafa Picault","MIA","2025","W","400","-0.24","-0.05","0.02","-0.04","0.56","0.13","0.37"
"","Timo Baumgartl","STL","2025","CB","698","-0.32","-0.16","0.98","-0.09","-0.03","-0.01","0.36"
"","Jacob Shaffelburg","NSH","2025","W","504","-0.11","0.30","0.03","0.07","0.14","-0.07","0.36"
"","Ivan Glavinovich","PHI","2025","CB","292","-0.01","0.04","0.15","0.01","0.10","0.07","0.36"
"","Andrés Herrera","CLB","2025","FB","346","0.13","0.02","-0.07","0.11","0.08","0.08","0.35"
"","Onni Valakari","SD","2025","ST","876","-0.39","0.00","-0.08","0.09","0.81","-0.08","0.35"
"","Claudio Bravo","POR","2025","FB","338","0.13","-0.27","0.28","0.19","-0.03","0.03","0.34"
"","Joseph Rosales","MIN","2025","FB","635","0.03","0.24","-0.11","0.13","-0.00","0.06","0.34"
"","Andreas Maxsø","COL","2025","CB","1216","0.02","0.14","0.27","0.06","-0.14","-0.02","0.33"
"","Patrick Agyemang","CLT","2025","ST","1054","0.21","0.40","-0.22","0.03","0.06","-0.16","0.32"
"","Joel Waterman","MTL","2025","CB","1060","-0.09","0.03","0.37","0.26","-0.14","-0.12","0.32"
"","Francis Westfield","PHI","2025","FB","1159","-0.17","0.08","0.45","0.03","-0.16","0.08","0.31"
"","David Martínez","MIA","2025","FB","138","0.09","-0.02","0.08","0.03","0.07","0.06","0.31"
"","Sebastian Berhalter","VAN","2025","CM","1038","-0.08","-0.30","0.17","0.60","-0.19","0.10","0.31"
"","Marco Reus","LAG","2025","AM","644","-0.02","0.08","-0.02","0.06","0.02","0.17","0.30"
"","Eduard Atuesta","ORL","2025","DM","690","-0.16","0.20","-0.18","0.24","0.09","0.10","0.30"
"","Stephen Afrifa","SKC","2025","DM","16","0.03","0.26","-0.00","0.02","-0.01","-0.01","0.30"
"","Walker Zimmerman","NSH","2025","CB","685","-0.01","0.05","0.06","0.05","0.08","0.07","0.29"
"","Brandon Vázquez","ATX","2025","ST","1198","-0.64","-0.11","0.08","0.29","0.66","0.01","0.29"
"","Kalani Kossa-Rienzi","SEA","2025","FB","554","0.03","-0.03","0.36","-0.07","0.01","-0.01","0.29"
"","Petar Musa","FCD","2025","ST","815","-0.46","-0.12","0.67","0.06","0.27","-0.15","0.29"
"","Mathías Laborda","VAN","2025","FB","635","-0.31","-0.02","-0.37","0.32","0.52","0.15","0.28"
"","Joakim Nilsson","STL","2025","CB","167","0.01","0.01","0.25","0.02","-0.06","0.04","0.27"
"","Ola Brynhildsen","TOR","2025","ST","498","0.67","0.06","-0.07","-0.05","-0.18","-0.16","0.26"
"","Cole Bassett","COL","2025","W","1126","0.19","-0.11","0.12","-0.18","0.06","0.19","0.26"
"","Mikael Uhre","PHI","2025","ST","831","0.34","0.17","0.03","-0.80","0.26","0.25","0.26"
"","Olivier Giroud","LAFC","2025","ST","471","0.07","0.02","-0.00","-0.14","0.41","-0.11","0.26"
"","Jonathan Pérez","NSH","2025","W","199","0.17","-0.02","0.07","0.02","-0.05","0.06","0.26"
"","Felipe","HOU","2025","FB","183","-0.02","-0.01","0.27","-0.06","-0.04","0.11","0.25"
"","Nkosi Tafari","LAFC","2025","CB","500","-0.04","0.02","0.32","-0.00","-0.00","-0.06","0.24"
"","Sergi Palencia","LAFC","2025","FB","1246","-0.12","-0.03","0.47","0.06","-0.03","-0.10","0.24"
"","Yeimar Gómez Andrade","SEA","2025","CB","1206","-0.21","-0.27","0.50","-0.02","0.19","0.05","0.24"
"","Gustavo Caraballo","ORL","2025","AM","30","0.03","0.01","0.00","0.06","0.15","-0.01","0.24"
"","Tim Parker","NYRB","2025","CB","271","0.01","0.03","-0.02","0.16","0.03","0.02","0.23"
"","Pedro de la Vega","SEA","2025","W","536","0.01","-0.04","0.31","-0.15","-0.08","0.19","0.23"
"","Ryan Gauld","VAN","2025","W","217","-0.06","-0.03","0.09","0.25","-0.05","0.04","0.23"
"","Kye Rowles","DCU","2025","CB","1152","0.00","0.10","-0.01","0.23","-0.06","-0.03","0.23"
"","Tomás Avilés","MIA","2025","CB","488","0.10","0.02","0.07","0.17","-0.13","0.00","0.23"
"","Dani Pereira","ATX","2025","CM","837","-0.01","-0.02","-0.00","0.34","-0.07","-0.01","0.23"
"","Hamady Diop","SD","2025","FB","239","0.04","-0.01","0.12","0.13","-0.05","-0.00","0.23"
"","Dany Rosero","SKC","2025","CB","184","-0.01","0.02","0.05","0.03","0.10","0.04","0.23"
"","Sam Vines","COL","2025","FB","358","-0.01","0.27","0.15","-0.12","-0.02","-0.05","0.23"
"","Chris Donovan","PHI","2025","ST","254","0.04","0.26","0.07","-0.05","-0.02","-0.08","0.22"
"","Ian Murphy","COL","2025","FB","616","-0.08","0.03","0.47","0.02","-0.14","-0.07","0.22"
"","Lukas MacNaughton","DCU","2025","CB","454","-0.18","0.04","0.08","-0.04","0.21","0.10","0.22"
"","Fabian Herbers","MTL","2025","W","414","0.16","-0.01","-0.01","0.08","-0.02","0.01","0.21"
"","Maxime Chanot","LAFC","2025","CB","74","-0.00","0.01","0.29","-0.06","-0.02","-0.01","0.21"
"","Malte Amundsen","CLB","2025","CB","962","0.18","-0.03","0.38","-0.11","-0.13","-0.08","0.21"
"","Corey Baird","CIN","2025","W","336","-0.09","0.25","-0.07","0.12","-0.00","0.00","0.21"
"","Jansen Miller","SKC","2025","CB","1054","0.14","0.10","0.03","-0.05","0.02","-0.03","0.21"
"","Allen Obando","MIA","2025","ST","176","0.24","0.02","-0.00","-0.02","-0.00","-0.02","0.21"
"","Timothy Tillman","LAFC","2025","CM","1100","0.04","-0.01","0.24","-0.02","-0.05","-0.00","0.20"
"","Noel Caliskan","RSL","2025","FB","335","-0.01","-0.01","0.27","0.14","-0.12","-0.07","0.20"
"","Jamal Thiaré","ATL","2025","ST","300","-0.24","-0.02","-0.12","-0.04","0.56","0.06","0.20"
"","Brayan Vera","RSL","2025","CB","689","0.14","-0.20","0.09","0.08","0.02","0.07","0.20"
"","Alex Roldan","SEA","2025","FB","835","-0.09","0.06","-0.06","-0.08","0.20","0.16","0.19"
"","Daniel Lovitz","NSH","2025","FB","1402","-0.09","-0.21","-0.01","0.48","-0.09","0.11","0.19"
"","Édier Ocampo","VAN","2025","FB","812","-0.03","0.04","0.00","-0.44","0.31","0.30","0.19"
"","Kyle Duncan","NYRB","2025","FB","393","-0.09","0.00","0.30","0.06","-0.05","-0.04","0.19"
"","Robert Voloder","SKC","2025","CB","956","0.08","0.16","0.17","0.07","-0.19","-0.11","0.18"
"","Rodrigo Schlegel","ORL","2025","CB","1236","-0.07","0.10","0.18","0.25","-0.18","-0.11","0.17"
"","Richie Laryea","TOR","2025","FB","125","0.04","0.26","-0.06","-0.08","0.02","-0.02","0.17"
"","Peglow","DCU","2025","W","645","-0.15","0.18","0.30","-0.06","-0.03","-0.09","0.16"
"","Maren Haile-Selassie","CHI","2025","W","235","0.00","-0.00","-0.08","0.18","-0.02","0.08","0.16"
"","Calvin Harris","COL","2025","W","235","0.02","0.02","0.07","-0.11","0.14","0.03","0.16"
"","César Araújo","ORL","2025","DM","907","-0.21","0.04","-0.10","0.26","0.04","0.12","0.15"
"","Diego Rubio","ATX","2025","ST","210","0.01","0.00","0.02","0.32","-0.17","-0.02","0.15"
"","Luis Díaz","NER","2025","W","235","0.04","0.04","0.12","-0.05","-0.03","0.03","0.14"
"","Peyton Miller","NER","2025","FB","654","0.01","0.03","-0.06","-0.22","0.33","0.04","0.14"
"","Philip Zinckernagel","CHI","2025","W","1001","0.27","-0.11","-0.08","-0.16","-0.01","0.23","0.14"
"","Vitor Costa","SJE","2025","FB","686","-0.11","0.01","0.05","-0.20","0.21","0.18","0.14"
"","Patrickson Delgado","FCD","2025","W","347","0.02","-0.01","0.31","0.04","-0.16","-0.06","0.14"
"","Birk Risa","NYC","2025","CB","696","-0.14","0.04","0.42","0.12","-0.22","-0.08","0.13"
"","Jon Bell","SEA","2025","CB","569","0.14","0.03","0.01","0.26","-0.22","-0.09","0.13"
"","Darren Yapi","COL","2025","ST","591","0.09","0.18","0.03","0.01","-0.09","-0.09","0.13"
"","Érik Dueñas","HOU","2025","AM","91","-0.04","-0.00","0.03","0.19","-0.03","-0.02","0.13"
"","Jack Skahan","SJE","2025","DM","12","-0.00","0.00","-0.01","0.01","0.07","0.05","0.12"
"","Alejandro Bedoya","PHI","2025","CM","218","0.02","-0.02","0.06","0.08","0.03","-0.04","0.12"
"","Duncan McGuire","ORL","2025","ST","355","-0.15","0.06","0.02","-0.15","0.39","-0.06","0.11"
"","Jannes Horn","STL","2025","FB","779","0.17","0.11","0.01","-0.00","-0.12","-0.06","0.11"
"","Charles Sharp","TOR","2025","ST","103","0.01","-0.01","-0.02","0.05","0.15","-0.08","0.11"
"","Omar Valencia","NYRB","2025","FB","849","-0.10","0.05","0.47","-0.28","0.05","-0.08","0.11"
"","Ian Smith","POR","2025","CB","336","0.06","0.06","0.02","0.13","-0.11","-0.06","0.10"
"","Jon Gallagher","ATX","2025","FB","1159","0.03","0.29","-0.08","-0.06","-0.07","-0.01","0.10"
"","Jordi Alba","MIA","2025","FB","1152","-0.09","0.04","0.00","0.01","0.24","-0.11","0.10"
"","Theo Corbeanu","TOR","2025","W","889","0.89","-0.05","0.01","-0.32","-0.55","0.11","0.09"
"","Jordan Morris","SEA","2025","ST","321","-0.11","-0.05","-0.16","-0.29","0.57","0.13","0.09"
"","Henry Wingo","TOR","2025","FB","259","-0.07","-0.23","0.43","-0.01","-0.01","-0.03","0.09"
"","Josh Atencio","COL","2025","DM","1026","-0.08","0.02","0.19","0.22","-0.21","-0.05","0.09"
"","Nicksoen Gomis","TOR","2025","CB","528","0.01","0.03","0.27","-0.08","-0.11","-0.05","0.09"
"","Nick Hagglund","CIN","2025","CB","743","0.13","-0.17","0.26","-0.23","0.08","0.02","0.09"
"","Connor Ronan","COL","2025","CM","293","-0.14","-0.03","0.09","0.26","-0.03","-0.06","0.09"
"","Dylan Nealis","NYRB","2025","FB","678","-0.06","0.32","-0.21","-0.10","0.10","0.04","0.08"
"","Reed Baker-Whiting","SEA","2025","W","38","-0.03","-0.00","-0.00","0.02","0.07","0.03","0.08"
"","Dániel Gazdag","CLB, PHI","2025","W","1044","-0.56","-0.08","-0.31","-0.14","1.37","-0.20","0.08"
"","Cole Mrowka","CLB","2025","CM","29","0.02","0.00","0.00","0.03","-0.01","0.03","0.08"
"","Sergio Busquets","MIA","2025","DM","1199","-0.07","0.08","-0.06","0.56","-0.23","-0.21","0.08"
"","Ronald Donkor","NYRB","2025","DM","117","-0.00","0.01","0.18","-0.04","-0.04","-0.02","0.08"
"","Joaquín Fernández","SKC","2025","CB","622","0.03","0.06","-0.17","0.16","-0.03","0.01","0.07"
"","Aiden O'Neill","NYC","2025","DM","210","-0.05","0.00","0.11","0.12","-0.06","-0.06","0.07"
"","Mason Toye","SKC","2025","W","41","0.02","-0.01","0.01","-0.00","0.04","0.01","0.06"
"","Kobe Franklin","TOR","2025","FB","89","-0.02","0.00","0.04","0.06","-0.01","-0.01","0.06"
"","Kei Kamara","CIN","2025","ST","26","-0.02","-0.00","-0.01","-0.00","0.08","0.02","0.06"
"","Jalen Neal","MTL","2025","CB","251","0.02","0.02","0.02","0.02","0.01","-0.03","0.06"
"","Nathan Saliba","MTL","2025","CM","1149","-0.09","-0.05","0.54","-0.29","-0.02","-0.03","0.06"
"","Nicolas Fleuriau Chateau","VAN","2025","FB","18","0.00","-0.00","0.00","-0.01","0.04","0.03","0.06"
"","Baltasar Gallego","MIA","2025","W","18","-0.00","0.01","-0.00","0.09","-0.03","-0.01","0.06"
"","Sunusi Ibrahim","MTL","2025","ST","99","-0.04","-0.03","-0.04","-0.12","0.21","0.09","0.06"
"","Sebastian Lletget","FCD","2025","DM","603","-0.14","0.04","-0.19","0.01","0.29","0.05","0.06"
"","William Reilly","ATL","2025","DM","109","-0.02","-0.01","0.19","-0.01","-0.06","-0.04","0.05"
"","Franco Escobar","HOU","2025","FB","989","-0.29","-0.03","0.11","0.22","0.06","-0.02","0.05"
"","Leonardo Campana","NER","2025","ST","619","-0.14","-0.11","0.14","0.24","-0.19","0.10","0.05"
"","Luca Bombino","SD","2025","FB","654","-0.12","0.02","0.26","-0.04","-0.07","-0.00","0.04"
"","Jake Davis","SKC","2025","FB","896","-0.22","0.05","0.26","-0.09","0.12","-0.07","0.04"
"","Andrés Perea","NYC","2025","DM","387","-0.02","-0.06","-0.05","-0.25","0.38","0.05","0.04"
"","Belal Halbouni","VAN","2025","CB","10","0.01","0.00","0.01","0.02","-0.00","-0.00","0.04"
"","Teal Bunbury","NSH","2025","ST","153","-0.68","-0.00","0.02","-0.09","0.80","-0.01","0.04"
"","Markus Cimermancic","TOR","2025","FB","251","-0.07","0.01","0.30","-0.22","0.06","-0.04","0.03"
"","Theodore Ku-Dipietro","COL","2025","W","159","0.04","0.00","-0.01","-0.17","0.12","0.05","0.03"
"","Randall Leal","DCU","2025","W","192","-0.08","-0.01","0.21","0.05","-0.13","-0.00","0.03"
"","Thomas Williams","ORL","2025","CB","17","-0.00","-0.01","0.06","-0.01","-0.00","-0.00","0.03"
"","Danley Jean Jacques","PHI","2025","CM","1157","-0.04","-0.06","0.34","-0.02","-0.17","-0.01","0.03"
"","Ilay Faingold","NER","2025","FB","1073","0.30","0.07","-0.12","-0.11","-0.03","-0.08","0.03"
"","Eriq Zavaleta","LAG","2025","CB","144","0.01","0.01","0.11","-0.07","-0.01","-0.02","0.03"
"","Philip Quinton","RSL","2025","CB","604","-0.02","0.05","0.06","-0.06","0.04","-0.04","0.03"
"","Osaze De Rosario","SEA","2025","ST","92","-0.01","-0.07","0.01","0.02","0.10","-0.03","0.03"
"","Dante Sealy","MTL","2025","W","1061","0.11","-0.04","-0.30","0.11","0.05","0.08","0.02"
"","Dario Zuparic","POR","2025","CB","145","-0.00","0.02","0.11","-0.06","-0.03","-0.02","0.02"
"","Conner Antley","DCU","2025","CB","228","0.06","0.01","0.04","-0.02","-0.03","-0.03","0.02"
"","Bret Halsey","CIN","2025","FB","37","0.04","0.00","0.02","-0.02","-0.01","-0.00","0.02"
"","Alonso Coello","TOR","2025","DM","792","-0.10","0.00","0.25","0.06","-0.10","-0.09","0.02"
"","Omar González","CHI","2025","CB","91","0.06","0.01","-0.03","0.01","-0.02","-0.01","0.01"
"","Paul Marie","SJE","2025","W","89","-0.03","0.00","-0.01","0.01","0.01","0.04","0.01"
"","Daniel Ríos","VAN","2025","ST","491","-0.14","-0.06","-0.14","-0.14","0.49","0.01","0.01"
"","Stefan Chirila","CIN","2025","AM","11","0.06","-0.00","-0.01","-0.04","0.01","-0.00","0.01"
"","Emeka Eneli","RSL","2025","DM","1215","0.16","0.04","0.15","0.03","-0.22","-0.15","0.01"
"","Kyle Smith","ORL","2025","FB","523","0.04","0.08","-0.16","0.12","-0.02","-0.06","0.01"
"","Iuri Tavares","CLT","2025","DM","46","0.02","-0.01","0.01","-0.00","-0.03","0.02","0.01"
"","Ranko Veselinović","VAN","2025","CB","1211","0.17","0.10","-0.50","-0.13","0.25","0.11","0.01"
"","Bryan Acosta","NSH","2025","DM","74","-0.01","0.00","0.03","0.03","-0.02","-0.02","0.01"
"","Erik Sviatchenko","HOU","2025","CB","548","-0.11","0.05","0.07","-0.00","-0.05","0.04","0.01"
"","Memo Rodríguez","SKC","2025","DM","324","0.00","0.01","-0.15","0.22","-0.09","0.02","0.01"
"","Lewis Morgan","NYRB","2025","AM","98","0.07","-0.01","-0.02","-0.05","0.02","0.00","0.01"
"","David Ruiz","MIA","2025","CM","86","-0.04","0.00","0.00","-0.06","0.11","-0.01","0.01"
"","Nemanja Radoja","SKC","2025","DM","837","0.00","-0.00","0.24","0.06","-0.20","-0.10","0.00"
"","Adam Saldana","LAFC","2025","DM","201","-0.03","0.01","0.22","-0.11","-0.06","-0.04","0.00"
"","Derrick Jones","CLB","2025","W","6","-0.00","-0.00","0.01","-0.00","-0.01","-0.00","0.00"
"","Juan Mosquera","POR","2025","FB","844","0.15","0.04","0.22","-0.40","-0.09","0.08","0.00"
"","Franco Negri","SD","2025","FB","448","-0.06","-0.01","-0.05","0.15","-0.03","0.01","0.00"
"","Lassi Lappalainen","CLB","2025","FB","12","0.00","-0.01","-0.00","-0.01","0.02","-0.00","0.00"
"","Obed Vargas","SEA","2025","CM","1098","-0.15","0.06","0.14","-0.34","0.22","0.08","0.00"
"","Cody Baker","SEA","2025","FB","23","-0.00","0.00","0.00","0.01","-0.01","-0.00","0.00"
"","Rasmus Alm","STL","2025","FB","11","-0.00","0.00","-0.01","-0.00","0.01","-0.00","-0.00"
"","Damir Kreilach","VAN","2025","W","8","-0.00","0.00","0.01","0.01","-0.01","-0.00","-0.00"
"","Kenji Mboma Dem","CIN","2025","FB","10","-0.00","0.00","-0.01","0.01","-0.00","-0.00","-0.00"
"","Derrick Williams","ATL","2025","CB","878","0.15","0.08","-0.38","0.01","0.06","0.06","-0.00"
"","Zakaria Taifi","ORL","2025","FB","12","-0.00","0.00","0.00","-0.00","-0.00","-0.00","-0.01"
"","Amar Sejdić","CLB","2025","CM","42","0.02","-0.00","0.01","-0.03","-0.03","0.02","-0.01"
"","Stuart Hawkins","SEA","2025","CB","13","-0.00","0.00","0.00","-0.01","-0.00","-0.00","-0.01"
"","Derek Dodson","DCU","2025","FB","218","0.23","-0.00","-0.10","-0.12","0.00","-0.01","-0.01"
"","Hennadiy Synchuk","MTL","2025","W","124","0.00","0.00","0.08","0.03","-0.10","-0.02","-0.01"
"","Bjørn Inge Utvik","VAN","2025","CB","289","0.05","0.03","-0.07","0.00","0.01","-0.03","-0.01"
"","Paxton Pomykal","FCD","2025","CM","41","-0.02","0.00","0.00","0.02","-0.01","-0.01","-0.01"
"","Harold Osorio","CHI","2025","DM","6","-0.00","0.00","-0.00","-0.01","0.00","-0.00","-0.01"
"","Alex Harris","COL","2025","AM","5","-0.00","-0.00","-0.00","-0.00","-0.00","-0.00","-0.01"
"","Gerardo Valenzuela","CIN","2025","AM","278","-0.38","0.02","0.01","-0.07","0.21","0.20","-0.02"
"","Mikkel Desler","ATX","2025","FB","254","-0.06","0.02","0.07","-0.08","0.02","0.01","-0.02"
"","Johnny Russell","RSL","2025","DM","23","0.04","-0.00","-0.04","-0.03","0.02","-0.00","-0.02"
"","Justin Ellis","ORL","2025","ST","8","0.00","-0.00","-0.00","0.00","-0.01","-0.01","-0.02"
"","Teenage Hadebe","CIN","2025","CB","478","-0.07","-0.22","0.45","-0.02","-0.11","-0.05","-0.02"
"","Zane Monlouis","TOR","2025","CB","373","0.01","0.04","0.09","-0.03","-0.09","-0.04","-0.02"
"","Christopher Cupps","CHI","2025","CB","118","0.00","-0.05","0.06","0.01","-0.03","-0.01","-0.02"
"","Jung Ho-Yeon","MIN","2025","CM","104","0.04","0.02","-0.01","-0.01","-0.04","-0.03","-0.03"
"","Reid Roberts","SJE","2025","FB","222","-0.04","0.00","0.14","-0.07","-0.04","-0.03","-0.03"
"","Luke Brennan","ATL","2025","ST","9","-0.01","-0.01","0.02","-0.02","-0.00","-0.01","-0.03"
"","Anisse Saidi","SD","2025","CM","16","-0.00","0.00","-0.01","-0.01","-0.01","-0.00","-0.03"
"","Dominic Iankov","MTL","2025","CM","45","0.04","-0.00","-0.03","0.03","-0.05","-0.02","-0.03"
"","Alfredo Morales","STL","2025","CM","588","-0.26","-0.04","0.30","0.29","-0.16","-0.15","-0.03"
"","Mykhi Joyner","STL","2025","DM","99","0.00","0.01","-0.04","-0.02","-0.02","0.04","-0.03"
"","CJ Fodrey","ATX","2025","ST","145","0.03","-0.03","-0.03","0.00","-0.03","0.03","-0.03"
"","Tristan Brown","CLB","2025","FB","37","0.03","0.00","-0.02","-0.07","0.00","0.03","-0.03"
"","Anderson Rosa","COL","2025","FB","43","-0.00","0.00","-0.04","0.02","-0.01","-0.01","-0.03"
"","Harbor Miller","LAG","2025","FB","271","-0.09","0.05","0.08","-0.11","0.02","0.01","-0.03"
"","Oscar Verhoeven","SD, SJE","2025","FB","131","-0.00","0.02","-0.04","0.04","-0.03","-0.02","-0.03"
"","Justin Reynolds","CHI","2025","FB","118","0.02","0.00","0.05","-0.09","-0.00","-0.01","-0.03"
"","Besard Šabović","ATX","2025","CM","992","-0.06","0.15","0.41","-0.16","-0.23","-0.15","-0.04"
"","Tarik Scott","FCD","2025","FB","23","0.00","-0.00","-0.01","-0.00","-0.01","-0.01","-0.04"
"","Alex Muyl","NSH","2025","W","1076","0.07","-0.11","0.12","-0.39","0.22","0.05","-0.04"
"","Ryan Kent","SEA","2025","W","255","0.16","-0.04","0.02","0.10","-0.15","-0.13","-0.04"
"","Colin Guske","ORL","2025","ST","16","0.01","-0.00","-0.01","-0.00","-0.03","-0.01","-0.04"
"","Jayden Reid","STL","2025","FB","24","-0.04","0.00","0.01","-0.01","-0.00","-0.00","-0.04"
"","Olivier Mbaizo","PHI","2025","FB","112","-0.02","0.01","-0.05","0.06","-0.03","-0.01","-0.04"
"","Andy Batioja","HOU","2025","ST","14","0.00","-0.00","-0.00","-0.01","-0.02","-0.01","-0.04"
"","Keegan Hughes","NER","2025","ST","14","-0.00","-0.00","-0.01","-0.00","-0.02","-0.01","-0.04"
"","Nicholas Scardina","CLT","2025","FB","422","-0.05","0.02","0.16","-0.10","-0.01","-0.06","-0.04"
"","Hassani Dotson","MIN","2025","CM","401","-0.05","-0.02","0.03","0.10","-0.06","-0.04","-0.04"
"","Matty Longstaff","TOR","2025","CM","453","-0.03","0.02","0.17","-0.20","0.01","-0.02","-0.05"
"","Sam Junqua","RSL","2025","CB","915","0.06","0.13","-0.12","-0.15","0.06","-0.03","-0.05"
"","DeAndre Yedlin","CIN","2025","FB","1091","-0.05","0.06","-0.03","0.03","-0.01","-0.05","-0.05"
"","Robin Lod","MIN","2025","CM","1033","-0.26","0.03","0.37","0.49","-0.49","-0.19","-0.05"
"","Bibi Karamoko","DCU","2025","ST","25","0.03","-0.00","-0.01","-0.01","-0.04","-0.02","-0.05"
"","Joseph Zalinsky","STL","2025","FB","17","0.00","-0.01","-0.01","-0.03","0.00","-0.00","-0.05"
"","Julian Gaines","NSH","2025","W","16","-0.01","-0.00","-0.00","-0.01","-0.02","-0.01","-0.05"
"","Gabe Segal","HOU","2025","ST","43","-0.09","0.00","-0.02","-0.13","0.11","0.07","-0.05"
"","Kieran Chandler","MIN","2025","FB","68","-0.01","0.00","0.01","-0.04","-0.02","-0.01","-0.06"
"","Seymour Reid","NYC","2025","ST","22","-0.01","0.00","-0.01","-0.01","-0.02","-0.02","-0.06"
"","Frankie Amaya","LAFC","2025","CM","159","-0.11","0.00","0.15","-0.11","0.02","-0.00","-0.06"
"","Jesús Bueno","PHI","2025","CM","192","-0.15","-0.01","0.04","0.05","0.02","-0.01","-0.06"
"","Sam Adekugbe","VAN","2025","FB","241","-0.08","0.02","-0.16","-0.17","0.19","0.14","-0.06"
"","Jamar Ricketts","SJE","2025","FB","495","0.05","0.01","0.05","-0.17","-0.04","0.04","-0.06"
"","Loïc Mesanvi","MIN","2025","ST","26","-0.01","-0.00","-0.02","-0.00","-0.02","-0.01","-0.06"
"","Kimani Stewart-Baynes","COL","2025","CM","26","-0.01","-0.00","-0.02","-0.02","-0.01","-0.01","-0.06"
"","Nick Lima","SJE","2025","FB","313","-0.01","-0.01","-0.08","0.04","-0.05","0.04","-0.07"
"","Toyosi Olusanya","HOU","2025","ST","48","-0.02","0.03","-0.01","-0.01","-0.05","-0.01","-0.07"
"","Pablo Ortíz","HOU","2025","CB","171","-0.01","-0.03","-0.02","0.01","-0.04","0.03","-0.07"
"","Peter Stroud","NYRB","2025","CM","900","0.03","0.09","0.01","0.09","-0.23","-0.05","-0.07"
"","DeJuan Jones","CLB, SJE","2025","FB","635","0.08","0.03","0.04","-0.16","0.01","-0.06","-0.07"
"","Julian Hall","NYRB","2025","AM","254","0.10","-0.02","-0.08","-0.11","-0.06","0.09","-0.07"
"","Robin Jansson","ORL","2025","CB","1208","0.13","-0.43","0.27","0.24","-0.19","-0.09","-0.07"
"","Wyatt Omsberg","NER","2025","CB","68","-0.00","0.01","-0.05","-0.00","-0.02","-0.01","-0.07"
"","Taha Habroune","CLB","2025","AM","72","-0.00","-0.00","0.02","0.02","-0.07","-0.04","-0.07"
"","Carlos Terán","CHI","2025","CB","323","-0.11","-0.03","0.16","0.01","-0.05","-0.05","-0.07"
"","Finn Surman","POR","2025","CB","1276","-0.02","0.12","-0.11","-0.05","0.08","-0.08","-0.07"
"","Nick Fernandez","SJE","2025","CM","62","-0.00","0.01","-0.01","-0.02","-0.03","-0.02","-0.07"
"","Dominik Chong Qui","ATL","2025","FB","70","-0.04","0.01","-0.01","-0.01","-0.01","-0.01","-0.07"
"","Ousman Jabang","MTL","2025","CB","91","-0.01","0.03","-0.03","-0.05","-0.02","-0.01","-0.08"
"","Odin Thiago Holm","LAFC","2025","CM","115","0.05","-0.01","0.08","-0.02","-0.13","-0.06","-0.08"
"","Samuel Bassett","COL","2025","ST","54","0.15","-0.00","-0.05","-0.11","-0.05","-0.03","-0.08"
"","Paul Arriola","SEA","2025","W","84","0.02","-0.02","-0.03","-0.04","-0.01","0.00","-0.08"
"","Aziel Jackson","CLB","2025","AM","620","-0.33","0.03","-0.14","0.12","0.07","0.18","-0.09"
"","Andrew Brody","SKC","2025","FB","280","0.07","0.01","0.02","-0.17","0.01","-0.04","-0.09"
"","Santiago Morales","MIA","2025","W","31","-0.02","-0.00","-0.01","-0.02","-0.02","-0.02","-0.09"
"","Djibril Diani","CLT","2025","CM","359","-0.01","-0.06","0.24","-0.15","-0.07","-0.04","-0.09"
"","Hernán López","SJE","2025","DM","149","0.01","-0.01","-0.08","-0.09","-0.02","0.10","-0.09"
"","Danny Leyva","SEA","2025","CM","389","-0.05","0.04","0.02","-0.05","-0.01","-0.05","-0.09"
"","Nicolás Rodríguez","ORL","2025","FB","38","-0.01","-0.00","-0.01","-0.04","-0.02","-0.01","-0.09"
"","Jackson Hopkins","DCU","2025","AM","62","-0.00","-0.00","0.01","-0.03","-0.04","-0.02","-0.09"
"","Kevin O'Toole","NYC","2025","FB","807","-0.11","-0.01","0.27","-0.03","-0.12","-0.09","-0.10"
"","Marlon","LAFC","2025","CB","616","0.08","0.01","-0.28","0.32","-0.15","-0.08","-0.10"
"","Marcelo Weigandt","MIA","2025","FB","406","0.01","0.01","-0.02","-0.11","-0.06","0.08","-0.10"
"","Jeremy Rafanello","PHI","2025","W","58","-0.02","-0.00","-0.05","0.01","-0.04","-0.00","-0.10"
"","Kwadwo Opoku","MTL","2025","W","168","-0.01","-0.01","0.02","-0.05","-0.01","-0.04","-0.10"
"","Leonardo Barroso","CHI","2025","FB","309","0.06","0.01","0.04","-0.18","-0.03","-0.01","-0.10"
"","Fidel Barajas","DCU","2025","W","38","-0.09","0.00","0.00","-0.00","0.00","-0.02","-0.10"
"","Ian Fray","MIA","2025","FB","571","-0.21","0.06","0.31","-0.30","-0.03","0.06","-0.10"
"","Célio Pompeu","STL","2025","AM","556","0.19","-0.01","-0.02","-0.01","-0.26","0.00","-0.10"
"","Ralph Priso","VAN","2025","DM","421","0.08","-0.04","-0.04","0.08","-0.11","-0.08","-0.10"
"","David Pereira Da Costa","POR","2025","AM","1274","0.44","-0.13","-0.30","0.58","-0.54","-0.16","-0.11"
"","Gastón Brugman","NSH","2025","DM","512","-0.05","-0.01","-0.03","0.18","-0.11","-0.08","-0.11"
"","Maximo Carrizo","NYC","2025","W","51","-0.07","0.02","0.01","-0.05","-0.02","0.01","-0.11"
"","Alvas Powell","CIN","2025","CB","306","-0.06","-0.01","-0.00","0.03","-0.06","-0.01","-0.11"
"","Alejandro Alvarado Jr.","SD","2025","CM","243","-0.09","-0.00","-0.04","0.08","-0.03","-0.02","-0.11"
"","Ian Pilcher","SD","2025","CB","144","0.00","0.00","-0.12","0.04","-0.02","-0.02","-0.11"
"","Kobi Henry","RSL","2025","FB","58","-0.10","0.00","-0.03","0.00","0.03","-0.02","-0.11"
"","Matheus Nascimento","LAG","2025","ST","188","-0.10","-0.01","0.04","-0.01","0.02","-0.06","-0.11"
"","Tani Oluwaseyi","MIN","2025","ST","1097","-0.51","-0.18","0.16","-0.25","0.43","0.24","-0.12"
"","Tadeo Allende","MIA","2025","W","668","-0.07","-0.02","-0.15","-0.52","0.54","0.10","-0.12"
"","Will Sands","NER","2025","FB","365","-0.06","0.07","0.01","-0.15","0.03","-0.03","-0.13"
"","Serge Ngoma","NYRB","2025","W","305","-0.08","-0.02","-0.05","0.07","-0.05","0.00","-0.13"
"","Rubén Ramos Jr.","LAG","2025","CM","73","-0.02","-0.00","-0.04","-0.05","-0.02","0.00","-0.13"
"","Chris Applewhite","NSH","2025","CB","144","-0.02","0.02","-0.19","0.11","-0.03","-0.02","-0.13"
"","Mohamed Farsi","CLB","2025","FB","1174","-0.14","0.12","-0.32","-0.91","0.88","0.24","-0.13"
"","Jahkeele Marshall-Rutty","MTL, CLT","2025","FB","497","-0.21","0.03","0.18","-0.04","-0.04","-0.05","-0.13"
"","Tyger Smalls","CLT","2025","W","78","-0.08","0.00","0.03","0.02","-0.07","-0.04","-0.13"
"","Artem Smoliakov","LAFC","2025","FB","395","-0.05","-0.00","-0.05","-0.14","0.11","-0.01","-0.14"
"","Leo Afonso","MIA","2025","W","98","-0.07","-0.01","-0.03","-0.09","0.06","-0.00","-0.14"
"","Noel Buck","NER, SJE","2025","CM","72","-0.01","-0.00","-0.06","-0.04","-0.01","-0.02","-0.14"
"","Wayne Frederick","COL","2025","CM","260","-0.02","0.02","0.06","-0.10","-0.05","-0.05","-0.14"
"","Lalas Abubakar","FCD","2025","CB","342","-0.13","0.02","0.07","-0.08","0.02","-0.04","-0.14"
"","Adrian Wibowo","LAFC","2025","W","36","-0.02","-0.07","-0.01","0.02","-0.04","-0.02","-0.15"
"","Alexandros Katranis","RSL","2025","FB","918","-0.13","-0.22","-0.19","0.07","0.27","0.06","-0.15"
"","Mauricio Cuevas","LAG","2025","W","191","-0.29","0.02","-0.12","0.08","0.19","-0.01","-0.15"
"","Morris Duggan","MIN","2025","CB","748","-0.11","0.05","0.07","-0.16","0.05","-0.04","-0.15"
"","João Paulo","SEA","2025","CM","347","-0.24","0.00","0.14","0.11","-0.11","-0.04","-0.15"
"","Carlos Harvey","MIN","2025","CB","733","-0.23","0.07","-0.12","-0.07","0.21","-0.02","-0.15"
"","Garrison Tubbs","DCU","2025","CB","259","-0.02","0.02","0.03","-0.10","-0.05","-0.03","-0.16"
"","DJ Taylor","MIN","2025","FB","177","-0.01","0.01","-0.16","0.06","-0.03","-0.02","-0.16"
"","Owen Graham-Roache","MTL","2025","ST","65","-0.46","-0.01","-0.02","0.02","0.32","-0.01","-0.16"
"","Léo Chú","FCD","2025","W","233","-0.46","-0.04","-0.03","-0.06","0.42","0.00","-0.16"
"","Deybi Flores","TOR","2025","DM","1067","-0.17","-0.02","0.18","-0.08","-0.07","-0.01","-0.16"
"","Dominique Badji","DCU","2025","ST","381","-0.04","-0.02","-0.10","-0.35","0.42","-0.06","-0.16"
"","Jackson Travis","COL","2025","FB","341","0.02","0.04","-0.02","-0.10","-0.06","-0.04","-0.16"
"","Prince Owusu","MTL","2025","ST","1218","-0.43","-0.26","0.09","-0.30","0.82","-0.07","-0.16"
"","Wil Trapp","MIN","2025","DM","1225","-0.21","0.01","0.22","0.11","-0.16","-0.14","-0.16"
"","Brandan Craig","MTL","2025","CB","197","0.01","0.01","-0.18","0.07","-0.04","-0.02","-0.16"
"","Max Floriani","SJE","2025","CB","308","0.00","0.03","0.03","-0.14","-0.06","-0.03","-0.17"
"","Julian Gressel","MIN","2025","W","172","-0.02","0.01","-0.19","-0.09","0.10","0.02","-0.17"
"","Rafael Santos","ORL","2025","FB","567","-0.05","0.01","-0.25","0.13","-0.04","0.03","-0.17"
"","Cayman Togashi","ATL","2025","AM","78","-0.04","0.00","-0.00","-0.06","-0.03","-0.04","-0.17"
"","Jeevan Badwal","VAN","2025","CM","162","-0.03","-0.01","-0.00","-0.05","-0.03","-0.05","-0.17"
"","Akil Watts","STL","2025","FB","1153","-0.46","0.03","0.29","-0.17","0.16","-0.03","-0.17"
"","Mateusz Klich","ATL","2025","DM","562","-0.11","0.01","0.02","0.06","-0.09","-0.08","-0.18"
"","Júnior Urso","HOU","2025","DM","370","0.11","-0.02","-0.10","-0.27","0.07","0.03","-0.19"
"","Tomas Ostrak","STL","2025","CM","467","-0.09","0.01","0.16","-0.15","-0.10","-0.00","-0.19"
"","Lazar Stefanovic","TOR","2025","CB","289","-0.01","0.01","-0.09","0.07","-0.11","-0.06","-0.19"
"","Brooklyn Raines","HOU","2025","DM","599","0.01","-0.02","0.06","-0.07","-0.12","-0.06","-0.19"
"","Liam Mackenzie","VAN","2025","W","69","-0.06","-0.01","-0.01","-0.02","-0.06","-0.04","-0.19"
"","Erik Thommy","SKC","2025","W","693","-0.17","-0.05","0.25","-0.10","-0.09","-0.04","-0.19"
"","Georgi Minoungou","SEA","2025","W","448","0.02","0.00","0.09","-0.52","0.13","0.09","-0.19"
"","Kamal Miller","POR","2025","CB","1057","0.09","-0.05","-0.35","0.35","-0.16","-0.07","-0.20"
"","Matt Miazga","CIN","2025","CB","332","0.00","-0.21","0.32","-0.20","-0.07","-0.04","-0.20"
"","Xande Silva","STL, ATL","2025","W","374","-0.01","-0.06","-0.14","0.17","-0.12","-0.04","-0.20"
"","Lachlan Brook","RSL","2025","W","124","-0.01","-0.01","-0.04","-0.01","-0.11","-0.01","-0.20"
"","Tom Pearce","MTL","2025","FB","450","-0.02","0.02","-0.08","0.03","-0.15","0.00","-0.20"
"","Raheem Edwards","NYRB","2025","FB","559","-0.24","0.22","0.14","-0.05","-0.17","-0.10","-0.20"
"","Nicolás Dubersarsky","ATX","2025","CM","156","0.05","-0.25","0.07","0.02","-0.06","-0.04","-0.20"
"","Daniel Munie","SJE","2025","CB","658","0.05","0.04","-0.06","-0.22","-0.02","0.01","-0.20"
"","Ahmed Qasem","NSH","2025","W","679","-0.05","0.06","-0.19","-0.47","0.47","-0.04","-0.21"
"","Matthew Corcoran","NSH","2025","CM","158","0.01","-0.06","-0.04","-0.04","-0.05","-0.04","-0.21"
"","Eduard Löwen","STL","2025","CM","400","-0.07","0.01","0.00","-0.00","-0.15","-0.01","-0.21"
"","Wiktor Bogacz","NYRB","2025","ST","137","-0.10","-0.02","-0.07","0.04","-0.03","-0.05","-0.22"
"","Rida Zouhir","DCU","2025","W","253","-0.05","-0.02","-0.01","-0.01","-0.11","-0.02","-0.22"
"","Strahinja Tanasijević","NYC","2025","CB","259","0.03","0.02","-0.32","0.12","-0.05","-0.03","-0.22"
"","Edwin Mosquera","ATL","2025","W","180","0.12","-0.03","-0.10","-0.11","-0.08","-0.02","-0.22"
"","Isaiah Parente","LAG","2025","DM","730","0.00","0.01","-0.05","-0.06","-0.11","-0.02","-0.22"
"","Elijah Wynder","LAG","2025","CM","348","-0.21","0.03","0.02","-0.06","0.05","-0.05","-0.22"
"","Brandt Bronico","CLT","2025","DM","1072","-0.09","0.17","0.06","-0.30","0.09","-0.15","-0.22"
"","Ethan Bartlow","HOU","2025","CB","622","0.05","0.03","-0.27","-0.40","0.36","0.01","-0.22"
"","Griffin Dorsey","HOU","2025","FB","1390","-0.05","0.04","-0.24","-0.95","0.71","0.27","-0.23"
"","Owen Gene","MIN","2025","CM","142","-0.04","-0.00","-0.04","-0.01","-0.08","-0.06","-0.23"
"","Jake Girdwood-Reich","STL","2025","CM","109","-0.04","-0.04","-0.07","0.00","-0.04","-0.03","-0.23"
"","Diego Rossi","CLB","2025","ST","1280","-0.18","0.17","-0.24","-0.25","-0.18","0.44","-0.23"
"","Chidozie Awaziem","COL","2025","CB","1277","0.08","0.11","-0.02","-0.41","0.03","-0.02","-0.23"
"","Jeison Palacios","NSH","2025","CB","605","0.06","0.05","-0.49","-0.01","0.07","0.09","-0.24"
"","Patrick McNair","SD","2025","CB","1272","-0.01","0.13","-0.87","0.53","-0.03","0.00","-0.24"
"","Pablo Ruiz","RSL","2025","DM","314","-0.16","-0.06","-0.11","0.17","-0.12","0.04","-0.24"
"","Dawid Bugaj","MTL","2025","FB","532","0.07","0.03","-0.06","-0.19","-0.09","-0.01","-0.25"
"","Tyrese Spicer","TOR","2025","W","469","0.28","-0.27","-0.04","-0.10","-0.12","0.01","-0.25"
"","Brendan Hines-Ike","ATX","2025","CB","1194","-0.26","0.18","0.10","-0.18","-0.03","-0.08","-0.25"
"","Luis Abram","ATL","2025","CB","1001","0.07","-0.17","-0.00","0.10","-0.19","-0.06","-0.26"
"","Tucker Lepley","LAG","2025","CM","417","0.14","0.06","-0.01","-0.56","0.07","0.05","-0.26"
"","Cavan Sullivan","PHI","2025","W","78","-0.05","-0.01","-0.02","-0.08","-0.06","-0.04","-0.26"
"","Jeppe Tverskov","SD","2025","DM","1388","-0.04","-0.24","-0.51","0.44","0.10","-0.01","-0.26"
"","Cedric Teuchert","STL","2025","ST","831","0.22","0.20","-0.18","-0.11","-0.26","-0.14","-0.26"
"","Emmanuel Boateng","SD","2025","W","111","-0.01","-0.02","-0.04","-0.07","-0.06","-0.07","-0.26"
"","Marco Farfan","FCD","2025","FB","524","-0.10","-0.03","0.05","-0.22","-0.03","0.06","-0.26"
"","Santiago Muñoz","SKC","2025","ST","103","-0.07","-0.00","0.01","-0.02","-0.12","-0.07","-0.27"
"","Cesar Ruvalcaba","CLB","2025","CB","176","0.06","0.03","-0.11","-0.23","-0.03","0.01","-0.27"
"","Michael Edwards","COL","2025","CB","35","-0.00","0.00","-0.23","-0.02","-0.01","-0.00","-0.27"
"","Ariel Lassiter","POR","2025","W","240","-0.03","-0.01","0.01","-0.09","-0.12","-0.05","-0.27"
"","Ondrej Lingr","HOU","2025","W","457","-0.25","-0.02","-0.10","-0.10","0.14","0.07","-0.27"
"","Robert Taylor","ATX, MIA","2025","W","273","-0.48","-0.02","-0.05","-0.11","0.26","0.11","-0.28"
"","Fernando Álvarez","MTL","2025","CB","533","-0.25","0.01","-0.12","-0.01","0.10","-0.02","-0.29"
"","Brad Smith","CIN","2025","FB","207","-0.25","-0.00","-0.08","-0.15","0.17","0.02","-0.29"
"","Tomás Chancalay","NER","2025","ST","110","-0.20","-0.01","0.00","-0.06","0.02","-0.04","-0.29"
"","Osman Bukari","ATX","2025","W","1013","-0.45","0.14","0.22","-0.59","0.41","-0.02","-0.29"
"","Zanka","LAG","2025","CB","627","-0.58","0.02","0.14","0.27","-0.12","-0.03","-0.29"
"","Gabriel Pirani","DCU","2025","AM","689","0.02","-0.07","-0.11","-0.15","0.09","-0.07","-0.29"
"","Pavel Bucha","CIN","2025","CM","1225","0.24","-0.01","-0.03","-0.38","-0.06","-0.05","-0.29"
"","Samuel Shashoua","MIN","2025","DM","133","-0.14","0.01","-0.07","-0.10","-0.01","0.01","-0.30"
"","Devin Padelford","MIN","2025","CB","102","-0.02","0.01","-0.20","-0.06","-0.02","-0.01","-0.30"
"","Andrés Reyes","SD","2025","CB","43","0.00","-0.30","-0.00","0.01","-0.01","-0.00","-0.30"
"","Jacob Bartlett","SKC","2025","DM","889","-0.14","0.05","0.38","-0.25","-0.21","-0.13","-0.31"
"","Giuseppe Bovalina","VAN","2025","FB","141","-0.18","0.00","-0.08","-0.21","0.08","0.08","-0.31"
"","D'Avilla Dje tah","CHI","2025","DM","149","-0.13","0.01","-0.10","-0.02","-0.04","-0.03","-0.32"
"","Kosi Thompson","TOR","2025","FB","1066","0.04","-0.23","0.30","-0.17","-0.15","-0.11","-0.32"
"","Julián Aude","LAG","2025","FB","746","0.02","0.18","0.03","-0.26","-0.22","-0.07","-0.32"
"","Yannick Bright","MIA","2025","DM","816","-0.19","-0.02","0.60","-0.37","-0.21","-0.14","-0.32"
"","Anderson Julio","FCD","2025","W","880","0.15","-0.11","-0.04","-0.49","0.24","-0.07","-0.32"
"","Sam Williams","CHI","2025","CM","263","-0.02","0.00","-0.13","-0.08","-0.07","-0.03","-0.33"
"","Jovan Lukić","PHI","2025","CM","1209","-0.03","-0.01","-0.12","0.02","-0.31","0.12","-0.33"
"","Luis Suárez","MIA","2025","ST","822","-0.08","-0.02","-0.07","0.46","-0.38","-0.23","-0.33"
"","Show","FCD","2025","CM","269","-0.04","0.01","-0.09","-0.08","-0.06","-0.07","-0.33"
"","Marcus Ingvartsen","SD","2025","ST","347","-0.35","-0.02","-0.05","-0.26","0.39","-0.02","-0.33"
"","Bernard Kamungo","FCD","2025","W","324","0.03","0.01","0.08","-0.26","-0.11","-0.08","-0.34"
"","Keegan Rosenberry","COL","2025","FB","857","-0.17","0.03","-0.06","0.01","-0.09","-0.05","-0.34"
"","Bode Hidalgo","RSL","2025","FB","776","-0.07","-0.03","-0.08","0.01","-0.10","-0.07","-0.34"
"","Wyatt Meyer","NSH","2025","CM","161","-0.05","0.00","-0.11","-0.13","-0.03","-0.03","-0.34"
"","Emiro Garcés","LAG","2025","CB","1067","-0.17","-0.27","0.37","-0.14","-0.13","-0.01","-0.35"
"","Ajani Fortune","ATL","2025","CM","649","0.06","-0.06","-0.10","-0.02","-0.13","-0.10","-0.35"
"","Braian Ojeda","RSL","2025","DM","1272","-0.15","0.39","-0.30","-0.18","-0.12","0.02","-0.35"
"","Bartosz Slisz","ATL","2025","DM","956","-0.08","-0.23","-0.10","0.14","0.01","-0.09","-0.35"
"","Ramiro Enrique","ORL","2025","ST","333","-0.29","-0.03","0.01","-0.11","0.12","-0.05","-0.35"
"","Hannes Wolf","NYC","2025","W","1241","-0.00","-0.14","0.06","-0.47","-0.10","0.30","-0.36"
"","Brayan Ceballos","NER","2025","CB","1117","-0.07","-0.05","0.05","-0.19","-0.08","-0.02","-0.36"
"","Monsef Bakrar","NYC","2025","W","383","-0.36","-0.03","0.07","-0.21","0.20","-0.04","-0.36"
"","Federico Redondo","MIA","2025","CM","503","0.08","-0.02","0.09","-0.22","-0.19","-0.10","-0.36"
"","Yaw Yeboah","LAFC","2025","CM","341","-0.11","0.04","-0.03","-0.15","-0.07","-0.05","-0.37"
"","Paul Rothrock","SEA","2025","FB","1086","0.54","0.24","-0.15","-1.18","0.04","0.15","-0.37"
"","Sean Nealis","NYRB","2025","CB","1108","0.12","-0.18","0.29","-0.46","-0.06","-0.08","-0.37"
"","Yuya Kubo","CIN","2025","ST","607","0.16","-0.04","-0.08","-0.36","-0.22","0.18","-0.37"
"","Miguel Berry","LAG","2025","ST","436","0.10","-0.05","-0.10","-0.08","-0.08","-0.17","-0.37"
"","Gilberto Flores","CIN","2025","CB","743","-0.13","0.11","-0.15","-0.07","-0.08","-0.05","-0.38"
"","Daniel Steres","HOU","2025","FB","446","-0.10","-0.02","-0.14","0.05","-0.11","-0.07","-0.38"
"","Ashley Westwood","CLT","2025","DM","1412","-0.12","0.10","-0.08","-0.07","-0.06","-0.15","-0.38"
"","Chris Durkin","STL","2025","CM","397","-0.01","-0.05","0.15","-0.27","-0.11","-0.10","-0.38"
"","Josh Bauer","NSH","2025","FB","381","-0.13","-0.03","-0.20","-0.06","-0.03","0.06","-0.39"
"","Deandre Kerr","TOR","2025","ST","255","-0.05","0.03","-0.02","-0.21","-0.08","-0.06","-0.39"
"","Matthew Edwards","ATL","2025","FB","786","-0.10","-0.04","-0.07","-0.05","-0.07","-0.07","-0.39"
"","Reggie Cannon","COL","2025","FB","925","-0.11","0.02","0.07","-0.27","0.00","-0.10","-0.39"
"","Brian Anunga","CIN","2025","CM","859","-0.12","-0.01","0.43","-0.38","-0.16","-0.15","-0.39"
"","Tim Ream","CLT","2025","FB","1247","-0.01","0.06","-0.07","0.06","-0.28","-0.15","-0.39"
"","Emil Forsberg","NYRB","2025","AM","1316","-0.63","-0.05","-0.20","0.18","0.56","-0.27","-0.40"
"","Wikelman Carmona","NYRB","2025","W","678","0.11","-0.16","0.08","-0.14","-0.23","-0.07","-0.40"
"","Eric Miller","POR","2025","FB","365","0.04","0.01","-0.12","-0.33","0.04","-0.05","-0.40"
"","Kevin Long","TOR","2025","CB","1006","-0.00","-0.07","0.04","-0.14","-0.14","-0.10","-0.40"
"","Jackson Yueill","NER","2025","DM","408","-0.05","0.00","0.12","-0.28","-0.15","-0.06","-0.41"
"","Boris Enow","DCU","2025","CM","745","0.11","-0.01","0.12","-0.33","-0.23","-0.07","-0.41"
"","Noah Cobb","ATL","2025","CB","409","-0.01","-0.04","-0.41","0.20","-0.12","-0.03","-0.41"
"","Dave Romney","SJE","2025","CB","1323","0.00","0.12","-0.50","0.16","-0.16","-0.06","-0.42"
"","Kaick","FCD","2025","CM","567","-0.08","-0.05","-0.06","-0.10","-0.05","-0.08","-0.42"
"","Tyler Wolff","RSL","2025","W","335","-0.06","0.05","0.09","-0.13","-0.23","-0.15","-0.43"
"","Mohammed Sofo","NYRB","2025","W","473","-0.27","-0.06","-0.08","-0.15","0.06","0.06","-0.43"
"","Tomás Ángel","SD","2025","ST","373","-0.20","-0.04","-0.07","-0.13","0.00","0.00","-0.43"
"","Bryce Duke","MTL","2025","AM","470","-0.01","0.01","-0.07","-0.22","-0.15","0.00","-0.44"
"","Felipe Mora","POR","2025","ST","854","-0.46","0.14","-0.17","-0.02","0.20","-0.12","-0.44"
"","Sigurd Rosted","TOR","2025","CB","1107","-0.03","0.15","-0.41","-0.13","-0.02","0.00","-0.44"
"","Cristhian Paredes","POR","2025","DM","332","-0.17","-0.09","0.07","-0.10","-0.09","-0.08","-0.45"
"","Jimer Fory","POR","2025","FB","960","-0.29","-0.07","0.12","-0.09","-0.04","-0.07","-0.45"
"","Ronald Hernández","ATL","2025","FB","307","-0.02","-0.01","-0.24","-0.02","-0.11","-0.05","-0.45"
"","Andrés Cubas","VAN","2025","DM","978","-0.23","-0.02","0.09","0.01","-0.24","-0.08","-0.45"
"","Logan Farrington","FCD","2025","ST","628","-0.04","-0.01","0.18","-0.04","-0.33","-0.21","-0.45"
"","Derrick Etienne Jr.","TOR","2025","ST","390","0.16","-0.07","-0.03","-0.15","-0.32","-0.05","-0.45"
"","Khiry Shelton","SKC","2025","FB","563","-0.21","0.03","-0.24","-0.12","0.08","0.00","-0.46"
"","Mitja Ilenic","NYC","2025","FB","934","-0.08","0.01","-0.32","-0.08","-0.08","0.07","-0.46"
"","Nathan Byrne","CLT","2025","FB","804","-0.10","0.02","-0.05","-0.08","-0.15","-0.10","-0.46"
"","Artur","HOU","2025","DM","1367","-0.22","-0.16","0.55","-0.10","-0.32","-0.22","-0.47"
"","Jonathan Dean","CHI","2025","FB","624","0.00","0.02","-0.25","-0.15","-0.08","-0.01","-0.47"
"","Jules-Anthony Vilsaint","MTL","2025","ST","137","-0.22","-0.01","-0.06","-0.06","-0.08","-0.05","-0.48"
"","Sebastien Ibeagha","FCD","2025","CB","1260","0.04","-0.16","-0.11","0.06","-0.18","-0.13","-0.48"
"","Dániel Sallói","SKC","2025","W","989","-0.76","-0.13","-0.09","-0.31","0.74","0.07","-0.48"
"","Sergio Santos","CIN","2025","ST","555","-0.28","-0.00","0.01","-0.22","0.14","-0.12","-0.48"
"","Diogo Gonçalves","RSL","2025","W","1084","-0.07","-0.06","-0.18","0.03","-0.31","0.09","-0.48"
"","Oliver Larraz","COL","2025","CM","1159","-0.18","0.09","0.19","-0.39","-0.05","-0.15","-0.48"
"","Daniel Edelman","NYRB","2025","CM","839","0.11","0.06","-0.22","-0.12","-0.18","-0.13","-0.48"
"","Logan Ndenbe","SKC","2025","FB","938","0.06","0.08","-0.41","-0.32","0.07","0.02","-0.49"
"","Dagur Dan Thórhallsson","ORL","2025","CM","552","-0.11","-0.02","-0.04","-0.27","0.06","-0.11","-0.49"
"","Oleksandr Svatok","ATX","2025","CB","1079","-0.07","0.11","-0.46","-0.09","0.01","-0.00","-0.50"
"","João Klauss","STL","2025","ST","851","-0.24","-0.13","-0.06","-0.46","0.29","0.08","-0.51"
"","Maxime Dominguez","TOR","2025","CM","284","-0.08","-0.03","-0.12","-0.12","-0.09","-0.08","-0.51"
"","Jared Stroud","DCU","2025","W","803","-0.71","-0.09","0.21","-0.05","0.09","0.05","-0.51"
"","Raoul Petretta","TOR","2025","FB","816","-0.19","0.06","-0.23","-0.19","0.09","-0.06","-0.52"
"","Edwin Cerrillo","LAG","2025","DM","1156","-0.10","0.03","-0.11","-0.06","-0.20","-0.08","-0.52"
"","Tsiki Ntsabeleng","FCD","2025","CM","336","-0.18","0.01","-0.22","-0.08","-0.06","0.00","-0.52"
"","Zorhan Bassong","SKC","2025","CM","588","-0.08","-0.06","-0.13","-0.11","-0.12","-0.03","-0.53"
"","Maximiliano Urruti","NER","2025","ST","438","0.17","-0.08","-0.00","-0.45","-0.14","-0.04","-0.55"
"","Bruno Wilson","SJE","2025","CB","811","-0.44","0.08","-0.20","-0.07","0.09","-0.02","-0.56"
"","Zac McGraw","POR","2025","CB","274","-0.03","-0.22","-0.19","-0.03","-0.06","-0.03","-0.57"
"","Ramiro","FCD","2025","DM","1073","-0.06","-0.29","-0.10","0.30","-0.23","-0.20","-0.58"
"","Nelson Palacio","RSL","2025","DM","235","0.00","-0.27","-0.19","-0.05","-0.07","-0.01","-0.58"
"","Jacob Murrell","DCU","2025","W","604","-0.04","-0.07","0.02","-0.36","-0.07","-0.07","-0.59"
"","Kim Kee-hee","SEA","2025","CB","612","0.02","0.05","-0.52","-0.07","-0.07","0.01","-0.59"
"","Kevin Kelsy","POR","2025","ST","603","-0.25","-0.02","0.15","-0.08","-0.24","-0.15","-0.59"
"","Jasper Löeffelsend","SD","2025","FB","635","-0.06","0.04","-0.07","-0.60","0.06","0.04","-0.59"
"","Jáder Obrian","ATX","2025","W","498","0.02","-0.02","-0.04","-0.02","-0.34","-0.20","-0.60"
"","Obinna Nwobodo","CIN","2025","CM","532","-0.04","-0.03","0.04","-0.29","-0.16","-0.11","-0.60"
"","Jeong Sang-Bin","MIN","2025","ST","329","-0.16","-0.02","-0.00","-0.13","-0.23","-0.05","-0.60"
"","Matti Peltola","DCU","2025","DM","545","-0.11","-0.30","0.21","-0.24","-0.10","-0.08","-0.61"
"","Jefferson Díaz","MIN","2025","CB","919","-0.07","-0.02","-0.51","-0.19","0.08","0.11","-0.61"
"","Forster Ajago","RSL","2025","ST","295","-0.32","-0.02","-0.01","-0.05","-0.12","-0.10","-0.61"
"","Aleksandr Guboglo","MTL","2025","FB","571","-0.06","-0.00","-0.00","-0.38","-0.14","-0.04","-0.62"
"","John Nelson","LAG","2025","FB","848","-0.05","-0.23","-0.03","-0.27","-0.03","-0.01","-0.62"
"","Hosei Kijima","DCU","2025","W","1049","-0.12","0.01","-0.02","-0.07","-0.26","-0.16","-0.62"
"","Wilfried Zaha","CLT","2025","W","1206","0.30","0.27","-0.15","-0.28","-0.74","-0.03","-0.64"
"","Igor","LAFC","2025","DM","1184","-0.38","0.05","-0.33","0.02","0.00","0.00","-0.64"
"","William Kumado","SD","2025","FB","695","0.18","-0.23","0.16","-0.64","-0.06","-0.05","-0.64"
"","Telasco Segovia","MIA","2025","W","736","-0.11","-0.07","0.08","-0.52","0.03","-0.06","-0.64"
"","Myrto Uzuni","ATX","2025","ST","1043","-0.55","-0.12","0.02","0.19","-0.19","-0.01","-0.65"
"","Marcel Hartel","STL","2025","CM","1358","-0.51","-0.05","-0.08","-0.29","0.15","0.13","-0.65"
"","Omari Glasgow","CHI","2025","FB","587","-0.14","-0.26","-0.03","-0.03","-0.09","-0.11","-0.65"
"","Sergio Oregel","CHI","2025","CM","1079","-0.37","-0.06","-0.10","0.15","-0.18","-0.12","-0.68"
"","Samuel Piette","MTL","2025","DM","799","-0.02","-0.06","-0.22","0.00","-0.24","-0.15","-0.68"
"","Dominik Marczuk","RSL","2025","W","632","-0.31","-0.05","0.01","-0.03","-0.28","-0.04","-0.69"
"","Diego Chará","POR","2025","DM","737","-0.04","-0.31","0.13","-0.18","-0.17","-0.14","-0.70"
"","Matt Polster","NER","2025","CM","894","-0.17","0.03","-0.32","-0.03","-0.12","-0.10","-0.71"
"","Joseph Paintsil","LAG","2025","W","525","-0.54","0.03","-0.13","-0.22","0.25","-0.10","-0.71"
"","Diego Luna","RSL","2025","AM","1181","-0.19","-0.10","0.13","-0.35","-0.14","-0.06","-0.71"
"","Brooks Lennon","ATL","2025","FB","880","-0.05","-0.19","-0.33","-0.06","-0.04","-0.05","-0.72"
"","Lucas Sanabria","LAG","2025","DM","468","-0.09","-0.03","-0.04","-0.28","-0.16","-0.13","-0.73"
"","Patrick Yazbek","NSH","2025","CM","865","0.03","-0.06","-0.03","-0.32","-0.26","-0.10","-0.74"
"","Jeremy Ebobisse","LAFC","2025","ST","431","-0.51","-0.06","-0.04","0.09","-0.20","-0.02","-0.75"
"","Agustín Ojeda","NYC","2025","W","563","-0.27","-0.06","0.12","-0.10","-0.25","-0.19","-0.76"
"","Ian Harkes","SJE","2025","CM","1076","-0.11","-0.23","-0.19","-0.04","-0.14","-0.06","-0.76"
"","Obafemi Awodesu","HOU","2025","CB","1237","0.27","-0.17","-0.38","-0.39","-0.03","-0.07","-0.78"
"","Jonathan Osorio","TOR","2025","DM","902","-0.04","0.01","0.08","-0.55","-0.19","-0.09","-0.78"
"","Gonzalo Lujan","MIA","2025","CB","1056","0.04","0.06","-0.62","-0.04","-0.16","-0.09","-0.79"
"","Nicolás Lodeiro","HOU","2025","W","448","-0.22","-0.01","0.01","-0.28","-0.16","-0.14","-0.79"
"","Jakob Glesnes","PHI","2025","CB","1327","-0.03","-0.14","-0.73","0.07","-0.02","0.05","-0.79"
"","Tom Barlow","CHI","2025","ST","236","-0.02","-0.30","0.03","-0.21","-0.20","-0.10","-0.80"
"","Olwethu Makhanya","PHI","2025","CB","803","-0.24","0.09","-0.25","-0.28","-0.14","0.00","-0.80"
"","Emmanuel Latte Lath","ATL","2025","ST","1128","0.11","-0.24","-0.28","-0.86","0.30","0.16","-0.81"
"","Josh Yaro","STL","2025","CB","1006","-0.55","-0.23","0.47","-0.18","-0.22","-0.11","-0.83"
"","Eryk Williamson","CLT","2025","CM","323","-0.08","-0.30","-0.08","-0.00","-0.24","-0.14","-0.84"
"","Luca De La Torre","SD","2025","CM","1168","-0.16","0.01","-0.26","-0.73","0.26","0.04","-0.84"
"","Diego Fagundez","LAG","2025","W","1227","-0.58","-0.10","0.16","0.41","-0.46","-0.29","-0.85"
"","Kellyn Acosta","CHI","2025","DM","433","-0.09","-0.22","-0.19","-0.23","-0.08","-0.06","-0.87"
"","William Agada","SKC, RSL","2025","ST","387","-0.53","-0.05","-0.04","-0.13","0.04","-0.16","-0.87"
"","Victor Loturi","MTL","2025","CM","882","-0.13","-0.06","-0.12","-0.34","-0.10","-0.14","-0.88"
"","Ibrahim Aliyu","CLB, HOU","2025","W","335","-0.14","-0.03","-0.02","-0.72","0.14","-0.12","-0.88"
"","Edvard Tagseth","NSH","2025","DM","1325","-0.20","-0.02","-0.20","-0.05","-0.32","-0.14","-0.93"
"","Kévin Cabral","COL","2025","W","791","-0.29","-0.13","-0.03","-0.34","-0.01","-0.16","-0.95"
"","Jonathan Shore","NYC","2025","DM","955","-0.55","-0.01","-0.16","-0.27","0.06","-0.03","-0.95"
"","Ilie Sánchez","ATX","2025","DM","915","0.13","-0.01","-0.29","-0.28","-0.33","-0.19","-0.96"
"","Benjamin Cremaschi","MIA","2025","W","788","-0.03","-0.09","0.06","-0.56","-0.11","-0.23","-0.96"
"","Lorenzo Insigne","TOR","2025","AM","753","-0.08","-0.11","-0.05","-0.47","-0.19","-0.10","-0.99"
"","Joao Ortíz","POR","2025","DM","656","-0.41","-0.27","0.13","-0.24","-0.08","-0.13","-1.00"
"","Maxi Moralez","NYC","2025","AM","1250","-0.62","-0.07","-0.02","0.48","-0.41","-0.38","-1.02"
"","Darlington Nagbe","CLB","2025","CM","1246","-0.01","0.10","-0.30","-0.33","-0.30","-0.21","-1.04"
"","Luca Langoni","NER","2025","W","484","-0.00","-0.05","-0.02","-0.26","-0.48","-0.25","-1.06"
"","Shapi Suleymanov","SKC","2025","W","1062","0.07","0.11","-0.34","-0.50","-0.29","-0.13","-1.08"
"","Mauricio Pineda","CHI","2025","DM","919","-0.22","0.03","-0.32","-0.47","-0.05","-0.06","-1.10"
"","Jack Maher","NSH","2025","CB","1413","-0.01","0.14","-0.94","-0.10","-0.11","-0.09","-1.11"
"","Brandon Servania","DCU","2025","CM","817","-0.10","-0.33","-0.03","-0.41","-0.21","-0.04","-1.11"
"","Saba Lobjanidze","ATL","2025","W","964","-0.35","-0.09","-0.44","-0.50","0.24","0.01","-1.13"
"","Alhassan Yusuf","NER","2025","CM","1210","-0.04","-0.09","-0.22","-0.55","-0.05","-0.20","-1.16"
"","Aleksey Miranchuk","ATL","2025","AM","1303","-0.43","-0.10","-0.36","-0.45","0.11","0.06","-1.16"
"","Indiana Vassilev","PHI","2025","W","838","-0.26","-0.03","-0.09","-0.34","-0.31","-0.14","-1.17"
"","Kévin Denkey","CIN","2025","ST","1147","0.28","-0.37","0.12","-0.89","-0.38","0.06","-1.18"
"","Miki Yamane","LAG","2025","FB","1025","-0.01","-0.18","-0.68","-0.35","0.08","-0.04","-1.18"
"","Sebastian Kowalczyk","HOU","2025","W","1026","-0.31","0.02","0.16","0.01","-0.70","-0.41","-1.23"
"","Antony","POR","2025","W","1204","-0.83","-0.35","0.09","-0.55","0.19","0.20","-1.25"
"","Eric Maxim Choupo-Moting","NYRB","2025","ST","1353","-0.07","0.06","-0.27","-0.08","-0.51","-0.38","-1.25"
"","Zavier Gozo","RSL","2025","W","540","-0.60","-0.06","0.00","-0.15","-0.35","-0.10","-1.27"
"","Jacen Russell-Rowe","CLB","2025","ST","1102","-1.01","-0.17","0.16","-0.48","0.31","-0.08","-1.28"
"","Samuel Rogers","CHI","2025","CB","922","-0.09","-0.28","-0.57","-0.06","-0.20","-0.10","-1.30"
"","Caden Clark","MTL","2025","AM","910","-0.40","-0.06","0.07","-0.16","-0.59","-0.21","-1.36"
"","Mamadou Fofana","NER","2025","CB","1175","-0.19","-0.13","-0.33","-0.45","-0.17","-0.11","-1.38"
"","Jesús Ferreira","SEA","2025","W","892","-0.53","-0.11","0.04","-0.03","-0.48","-0.37","-1.48"
"","Ariath Piol","RSL","2025","ST","625","-0.94","-0.07","-0.13","-0.06","0.02","-0.33","-1.50"
"","Nathan Ordaz","LAFC","2025","ST","778","0.04","-0.13","-0.07","-0.76","-0.60","-0.04","-1.56"
"","Ezequiel Ponce","HOU","2025","ST","1249","-0.84","-0.19","-0.19","-0.69","-0.02","-0.18","-2.12"
"","Amine Bassi","HOU","2025","AM","1191","-0.27","-0.11","-0.09","-0.59","-0.66","-0.40","-2.13"
"","Dejan Joveljic","SKC","2025","ST","1203","-1.50","-0.15","-0.15","-0.57","-0.41","-0.34","-3.11"